Group_Name_artist_album,Years_Active_artist_album,album_id,Hit,url_album,release_date_album,name_album,track_id,name_track,popularity_track,spotify_embed_url_track,popularity_album,artist_id_artist_album,duration_ms_track,explicit_track,acousticness_tf,danceability_tf,energy_tf,instrumentalness_tf,key_tf,liveness_tf,loudness_tf,mode_tf,speechiness_tf,tempo_tf,time_signature_tf,valence_tf
Tom Petty (solo),1989-2006,1CvE8Bp9CDOArk2aL3NuC4,1,https://i.scdn.co/image/bfe6a8066ddef180ea36d2770d36c52e0592433d,7/21/2006,Highway Companion (U.S. Version),7tSt526i6jm3zmhUfbXZHX,Saving Grace,44,https://embed.spotify.com/?uri=spotify:track:7tSt526i6jm3zmhUfbXZHX,45,2UZMlIwnkgAEDBsw1Rejkn,226200,FALSE,0.137,0.33,0.798,0.000269,2,0.13,-4.23,1,0.0381,142.287,4,0.78
Tom Petty (solo),1989-2006,1CvE8Bp9CDOArk2aL3NuC4,1,https://i.scdn.co/image/bfe6a8066ddef180ea36d2770d36c52e0592433d,7/21/2006,Highway Companion (U.S. Version),4MXCpUjTFXgbmANvLzdVVl,Square One,43,https://embed.spotify.com/?uri=spotify:track:4MXCpUjTFXgbmANvLzdVVl,45,2UZMlIwnkgAEDBsw1Rejkn,204826,FALSE,0.794,0.769,0.305,0,6,0.133,-10.56,1,0.0311,109.205,4,0.264
Tom Petty (solo),1989-2006,1CvE8Bp9CDOArk2aL3NuC4,0,https://i.scdn.co/image/bfe6a8066ddef180ea36d2770d36c52e0592433d,7/21/2006,Highway Companion (U.S. Version),2C2QJ1kBUKQu6Iby6RvD2V,Flirting With Time,39,https://embed.spotify.com/?uri=spotify:track:2C2QJ1kBUKQu6Iby6RvD2V,45,2UZMlIwnkgAEDBsw1Rejkn,194466,FALSE,0.0784,0.592,0.746,0,7,0.194,-3.039,1,0.0297,119.229,4,0.676
Tom Petty (solo),1989-2006,1CvE8Bp9CDOArk2aL3NuC4,1,https://i.scdn.co/image/bfe6a8066ddef180ea36d2770d36c52e0592433d,7/21/2006,Highway Companion (U.S. Version),6p7KoBh8MokMaKBPJrIzPu,Down South,40,https://embed.spotify.com/?uri=spotify:track:6p7KoBh8MokMaKBPJrIzPu,45,2UZMlIwnkgAEDBsw1Rejkn,205333,FALSE,0.0262,0.663,0.683,0.000186,2,0.107,-5.421,1,0.0251,111.361,4,0.824
Tom Petty (solo),1989-2006,1CvE8Bp9CDOArk2aL3NuC4,0,https://i.scdn.co/image/bfe6a8066ddef180ea36d2770d36c52e0592433d,7/21/2006,Highway Companion (U.S. Version),0fsotzgUEEi5x8tySnRy8f,Jack,37,https://embed.spotify.com/?uri=spotify:track:0fsotzgUEEi5x8tySnRy8f,45,2UZMlIwnkgAEDBsw1Rejkn,148586,FALSE,0.322,0.869,0.484,3.99E-06,2,0.103,-6.483,1,0.032,115.206,4,0.705
Tom Petty (solo),1989-2006,1CvE8Bp9CDOArk2aL3NuC4,0,https://i.scdn.co/image/bfe6a8066ddef180ea36d2770d36c52e0592433d,7/21/2006,Highway Companion (U.S. Version),4dvALqAQM2qnmEcnhJ2Vfz,Turn This Car Around,38,https://embed.spotify.com/?uri=spotify:track:4dvALqAQM2qnmEcnhJ2Vfz,45,2UZMlIwnkgAEDBsw1Rejkn,238360,FALSE,0.258,0.733,0.331,0.00147,2,0.136,-4.895,1,0.0289,144.371,4,0.679
Tom Petty (solo),1989-2006,1CvE8Bp9CDOArk2aL3NuC4,0,https://i.scdn.co/image/bfe6a8066ddef180ea36d2770d36c52e0592433d,7/21/2006,Highway Companion (U.S. Version),3Mtqb820UdJnRk0gn70oKO,Big Weekend,36,https://embed.spotify.com/?uri=spotify:track:3Mtqb820UdJnRk0gn70oKO,45,2UZMlIwnkgAEDBsw1Rejkn,195426,FALSE,0.0242,0.581,0.912,0.00014,2,0.2,-3.576,1,0.0324,97.171,4,0.836
Tom Petty (solo),1989-2006,1CvE8Bp9CDOArk2aL3NuC4,0,https://i.scdn.co/image/bfe6a8066ddef180ea36d2770d36c52e0592433d,7/21/2006,Highway Companion (U.S. Version),49XpWZO5HVebXqtJIZdh1U,Night Driver,36,https://embed.spotify.com/?uri=spotify:track:49XpWZO5HVebXqtJIZdh1U,45,2UZMlIwnkgAEDBsw1Rejkn,267346,FALSE,0.27,0.658,0.602,0,2,0.0812,-5.919,1,0.0231,98.125,4,0.536
Tom Petty (solo),1989-2006,1CvE8Bp9CDOArk2aL3NuC4,0,https://i.scdn.co/image/bfe6a8066ddef180ea36d2770d36c52e0592433d,7/21/2006,Highway Companion (U.S. Version),0nmdWx4vUUBg33w3TAqWdF,Damaged By Love,39,https://embed.spotify.com/?uri=spotify:track:0nmdWx4vUUBg33w3TAqWdF,45,2UZMlIwnkgAEDBsw1Rejkn,202973,FALSE,0.101,0.557,0.64,7.56E-05,9,0.0848,-6.653,1,0.023,86.189,4,0.548
Tom Petty (solo),1989-2006,1CvE8Bp9CDOArk2aL3NuC4,0,https://i.scdn.co/image/bfe6a8066ddef180ea36d2770d36c52e0592433d,7/21/2006,Highway Companion (U.S. Version),2OeRc8W4G3ILCDsAefDTWE,This Old Town,37,https://embed.spotify.com/?uri=spotify:track:2OeRc8W4G3ILCDsAefDTWE,45,2UZMlIwnkgAEDBsw1Rejkn,255840,FALSE,0.187,0.791,0.499,6.34E-06,0,0.0954,-5.681,1,0.029,136.296,4,0.59
Tom Petty (solo),1989-2006,1CvE8Bp9CDOArk2aL3NuC4,0,https://i.scdn.co/image/bfe6a8066ddef180ea36d2770d36c52e0592433d,7/21/2006,Highway Companion (U.S. Version),01OGmiOO9h75OSQoEG4zc5,Ankle Deep,34,https://embed.spotify.com/?uri=spotify:track:01OGmiOO9h75OSQoEG4zc5,45,2UZMlIwnkgAEDBsw1Rejkn,203146,FALSE,0.0204,0.703,0.827,0.000278,0,0.324,-4.793,1,0.0262,120.202,4,0.75
Tom Petty (solo),1989-2006,1CvE8Bp9CDOArk2aL3NuC4,0,https://i.scdn.co/image/bfe6a8066ddef180ea36d2770d36c52e0592433d,7/21/2006,Highway Companion (U.S. Version),2XV9IIAgqpKyZOaxgvbqcr,The Golden Rose,34,https://embed.spotify.com/?uri=spotify:track:2XV9IIAgqpKyZOaxgvbqcr,45,2UZMlIwnkgAEDBsw1Rejkn,283146,FALSE,0.716,0.616,0.435,0.000392,7,0.085,-7.297,1,0.0291,122.218,3,0.202
Tom Petty (solo),1989-2006,3ZGUBwDiY5HPOcWv4SBPQg,1,https://i.scdn.co/image/3b7937284e17b5381de756cdbbdec6024cc4ae1d,10/21/1994,Wildflowers,2Pr1nZpt8A8WP7QYpyq6L3,Wildflowers,58,https://embed.spotify.com/?uri=spotify:track:2Pr1nZpt8A8WP7QYpyq6L3,57,2UZMlIwnkgAEDBsw1Rejkn,190320,FALSE,0.588,0.537,0.315,2.29E-05,5,0.206,-13.79,1,0.0271,86.813,4,0.598
Tom Petty (solo),1989-2006,3ZGUBwDiY5HPOcWv4SBPQg,1,https://i.scdn.co/image/3b7937284e17b5381de756cdbbdec6024cc4ae1d,10/21/1994,Wildflowers,7MooGz4ZPE4bNxjFegR6Jx,You Don't Know How It Feels,61,https://embed.spotify.com/?uri=spotify:track:7MooGz4ZPE4bNxjFegR6Jx,57,2UZMlIwnkgAEDBsw1Rejkn,289440,FALSE,0.119,0.765,0.502,0.0011,9,0.171,-7.393,1,0.0321,144.204,4,0.841
Tom Petty (solo),1989-2006,3ZGUBwDiY5HPOcWv4SBPQg,1,https://i.scdn.co/image/3b7937284e17b5381de756cdbbdec6024cc4ae1d,10/21/1994,Wildflowers,20dt11ZTAtjsfcNJLP9u30,Time To Move On,48,https://embed.spotify.com/?uri=spotify:track:20dt11ZTAtjsfcNJLP9u30,57,2UZMlIwnkgAEDBsw1Rejkn,195333,FALSE,0.0836,0.613,0.716,0.000381,2,0.105,-9.365,1,0.0261,112.588,4,0.515
Tom Petty (solo),1989-2006,3ZGUBwDiY5HPOcWv4SBPQg,1,https://i.scdn.co/image/3b7937284e17b5381de756cdbbdec6024cc4ae1d,10/21/1994,Wildflowers,0YkbYk24ODhuewb79zZZzM,You Wreck Me,51,https://embed.spotify.com/?uri=spotify:track:0YkbYk24ODhuewb79zZZzM,57,2UZMlIwnkgAEDBsw1Rejkn,202893,FALSE,0.000605,0.479,0.89,0.000345,10,0.0932,-4.527,1,0.0374,164.491,4,0.807
Tom Petty (solo),1989-2006,3ZGUBwDiY5HPOcWv4SBPQg,1,https://i.scdn.co/image/3b7937284e17b5381de756cdbbdec6024cc4ae1d,10/21/1994,Wildflowers,1c0flvMImhKMuiZIc0VzEb,It's Good To Be King,46,https://embed.spotify.com/?uri=spotify:track:1c0flvMImhKMuiZIc0VzEb,57,2UZMlIwnkgAEDBsw1Rejkn,310933,FALSE,0.0143,0.523,0.622,0.0065,2,0.297,-6.632,1,0.0245,147.878,4,0.457
Tom Petty (solo),1989-2006,3ZGUBwDiY5HPOcWv4SBPQg,1,https://i.scdn.co/image/3b7937284e17b5381de756cdbbdec6024cc4ae1d,10/21/1994,Wildflowers,6quWu0dL3SfsniohMQePeS,Only A Broken Heart,40,https://embed.spotify.com/?uri=spotify:track:6quWu0dL3SfsniohMQePeS,57,2UZMlIwnkgAEDBsw1Rejkn,270866,FALSE,0.078,0.71,0.416,0.00129,7,0.139,-10.675,1,0.0258,97.81,4,0.383
Tom Petty (solo),1989-2006,3ZGUBwDiY5HPOcWv4SBPQg,1,https://i.scdn.co/image/3b7937284e17b5381de756cdbbdec6024cc4ae1d,10/21/1994,Wildflowers,7bBJ2wBvhbCiNaZRqG3yTr,Honey Bee,42,https://embed.spotify.com/?uri=spotify:track:7bBJ2wBvhbCiNaZRqG3yTr,57,2UZMlIwnkgAEDBsw1Rejkn,298600,FALSE,0.00356,0.531,0.695,0.00305,7,0.148,-5.811,1,0.0283,93.306,4,0.698
Tom Petty (solo),1989-2006,3ZGUBwDiY5HPOcWv4SBPQg,0,https://i.scdn.co/image/3b7937284e17b5381de756cdbbdec6024cc4ae1d,10/21/1994,Wildflowers,4vB5JbUveDx7UKGoIqOH2w,Don't Fade On Me,39,https://embed.spotify.com/?uri=spotify:track:4vB5JbUveDx7UKGoIqOH2w,57,2UZMlIwnkgAEDBsw1Rejkn,212200,FALSE,0.812,0.553,0.215,0.00028,7,0.116,-14.754,1,0.0291,108.934,4,0.42
Tom Petty (solo),1989-2006,3ZGUBwDiY5HPOcWv4SBPQg,0,https://i.scdn.co/image/3b7937284e17b5381de756cdbbdec6024cc4ae1d,10/21/1994,Wildflowers,6TCbEppcZ1NpqISe0uxohQ,Hard On Me,37,https://embed.spotify.com/?uri=spotify:track:6TCbEppcZ1NpqISe0uxohQ,57,2UZMlIwnkgAEDBsw1Rejkn,228466,FALSE,0.0242,0.678,0.402,2.02E-05,2,0.0747,-7.342,0,0.0276,73.711,4,0.406
Tom Petty (solo),1989-2006,3ZGUBwDiY5HPOcWv4SBPQg,0,https://i.scdn.co/image/3b7937284e17b5381de756cdbbdec6024cc4ae1d,10/21/1994,Wildflowers,7ClOFUxD5aabYsyKg0j7EV,Cabin Down Below,39,https://embed.spotify.com/?uri=spotify:track:7ClOFUxD5aabYsyKg0j7EV,57,2UZMlIwnkgAEDBsw1Rejkn,171240,FALSE,0.00273,0.552,0.919,0.0133,9,0.137,-5.136,1,0.0364,122.948,4,0.778
Tom Petty (solo),1989-2006,3ZGUBwDiY5HPOcWv4SBPQg,0,https://i.scdn.co/image/3b7937284e17b5381de756cdbbdec6024cc4ae1d,10/21/1994,Wildflowers,5sY2beqWPiCRmTyjEkRPPZ,To Find A Friend,39,https://embed.spotify.com/?uri=spotify:track:5sY2beqWPiCRmTyjEkRPPZ,57,2UZMlIwnkgAEDBsw1Rejkn,203626,FALSE,0.0214,0.542,0.673,0.000444,5,0.281,-8.08,1,0.0296,88.039,4,0.52
Tom Petty (solo),1989-2006,3ZGUBwDiY5HPOcWv4SBPQg,0,https://i.scdn.co/image/3b7937284e17b5381de756cdbbdec6024cc4ae1d,10/21/1994,Wildflowers,3wNdSbwkdsdr6lq3Wbp86d,A Higher Place,38,https://embed.spotify.com/?uri=spotify:track:3wNdSbwkdsdr6lq3Wbp86d,57,2UZMlIwnkgAEDBsw1Rejkn,236173,FALSE,0.0101,0.577,0.832,0.000442,9,0.0863,-5.336,1,0.0253,129.157,4,0.848
Tom Petty (solo),1989-2006,3ZGUBwDiY5HPOcWv4SBPQg,0,https://i.scdn.co/image/3b7937284e17b5381de756cdbbdec6024cc4ae1d,10/21/1994,Wildflowers,1C2uahwqdB2v4Fm8nxjSBZ,House In The Woods,36,https://embed.spotify.com/?uri=spotify:track:1C2uahwqdB2v4Fm8nxjSBZ,57,2UZMlIwnkgAEDBsw1Rejkn,332066,FALSE,0.0195,0.402,0.753,0.00524,0,0.0501,-4.783,1,0.0309,126.659,3,0.199
Tom Petty (solo),1989-2006,3ZGUBwDiY5HPOcWv4SBPQg,1,https://i.scdn.co/image/3b7937284e17b5381de756cdbbdec6024cc4ae1d,10/21/1994,Wildflowers,1JenqZNMU6unIwVWmoP3J0,Crawling Back To You,42,https://embed.spotify.com/?uri=spotify:track:1JenqZNMU6unIwVWmoP3J0,57,2UZMlIwnkgAEDBsw1Rejkn,305626,FALSE,0.056,0.615,0.495,0.000801,2,0.11,-9.53,0,0.0291,115.089,4,0.236
Tom Petty (solo),1989-2006,3ZGUBwDiY5HPOcWv4SBPQg,0,https://i.scdn.co/image/3b7937284e17b5381de756cdbbdec6024cc4ae1d,10/21/1994,Wildflowers,6M3LiDuzPCRLZ2eLnWK2a7,Wake Up Time,38,https://embed.spotify.com/?uri=spotify:track:6M3LiDuzPCRLZ2eLnWK2a7,57,2UZMlIwnkgAEDBsw1Rejkn,319333,FALSE,0.497,0.577,0.343,6.76E-05,2,0.115,-9.879,1,0.0269,112.436,3,0.23
Tom Petty (solo),1989-2006,5d71Imt5CIb7LpQwDMQ093,1,https://i.scdn.co/image/ca1b3817f571c60c1ef9d1b6b9af9ec8108fa72e,1/1/1989,Full Moon Fever,5tVA6TkbaAH9QMITTQRrNv,Free Fallin',64,https://embed.spotify.com/?uri=spotify:track:5tVA6TkbaAH9QMITTQRrNv,58,2UZMlIwnkgAEDBsw1Rejkn,256000,FALSE,0.219,0.63,0.449,0,5,0.0622,-13.243,1,0.0252,84.378,4,0.596
Tom Petty (solo),1989-2006,5d71Imt5CIb7LpQwDMQ093,1,https://i.scdn.co/image/ca1b3817f571c60c1ef9d1b6b9af9ec8108fa72e,1/1/1989,Full Moon Fever,7gSQv1OHpkIoAdUiRLdmI6,I Won't Back Down,59,https://embed.spotify.com/?uri=spotify:track:7gSQv1OHpkIoAdUiRLdmI6,58,2UZMlIwnkgAEDBsw1Rejkn,178360,FALSE,0.0512,0.783,0.502,3.15E-06,7,0.156,-13.395,1,0.0325,114.02,4,0.962
Tom Petty (solo),1989-2006,5d71Imt5CIb7LpQwDMQ093,1,https://i.scdn.co/image/ca1b3817f571c60c1ef9d1b6b9af9ec8108fa72e,1/1/1989,Full Moon Fever,4PJEK76V3A1S0XzZJuTWh7,Love Is A Long Road,41,https://embed.spotify.com/?uri=spotify:track:4PJEK76V3A1S0XzZJuTWh7,58,2UZMlIwnkgAEDBsw1Rejkn,247600,FALSE,0.0437,0.632,0.594,0.000179,4,0.0826,-10.856,1,0.0308,116.348,4,0.539
Tom Petty (solo),1989-2006,5d71Imt5CIb7LpQwDMQ093,1,https://i.scdn.co/image/ca1b3817f571c60c1ef9d1b6b9af9ec8108fa72e,1/1/1989,Full Moon Fever,4tSZr210OTY6upjNYfEYUI,A Face In The Crowd,40,https://embed.spotify.com/?uri=spotify:track:4tSZr210OTY6upjNYfEYUI,58,2UZMlIwnkgAEDBsw1Rejkn,239306,FALSE,0.11,0.699,0.61,0.00188,4,0.06,-13.372,0,0.0272,105.568,4,0.739
Tom Petty (solo),1989-2006,5d71Imt5CIb7LpQwDMQ093,1,https://i.scdn.co/image/ca1b3817f571c60c1ef9d1b6b9af9ec8108fa72e,1/1/1989,Full Moon Fever,4AiMaeCXwsldpwvA5wu5gM,Runnin' Down A Dream,47,https://embed.spotify.com/?uri=spotify:track:4AiMaeCXwsldpwvA5wu5gM,58,2UZMlIwnkgAEDBsw1Rejkn,292000,FALSE,0.000672,0.467,0.88,0.16,9,0.486,-12.673,1,0.0424,170.055,4,0.427
Tom Petty (solo),1989-2006,5d71Imt5CIb7LpQwDMQ093,0,https://i.scdn.co/image/ca1b3817f571c60c1ef9d1b6b9af9ec8108fa72e,1/1/1989,Full Moon Fever,0rF4U1f5uhLpwZ8a4M7ihr,Feel A Whole Lot Better,38,https://embed.spotify.com/?uri=spotify:track:0rF4U1f5uhLpwZ8a4M7ihr,58,2UZMlIwnkgAEDBsw1Rejkn,169626,FALSE,0.067,0.585,0.766,9.67E-06,9,0.232,-10.485,1,0.0269,135.041,4,0.96
Tom Petty (solo),1989-2006,5d71Imt5CIb7LpQwDMQ093,1,https://i.scdn.co/image/ca1b3817f571c60c1ef9d1b6b9af9ec8108fa72e,1/1/1989,Full Moon Fever,2ZS3jFe6p8UoVyrY5jWBlF,Yer So Bad,47,https://embed.spotify.com/?uri=spotify:track:2ZS3jFe6p8UoVyrY5jWBlF,58,2UZMlIwnkgAEDBsw1Rejkn,185666,FALSE,0.00891,0.571,0.533,0,7,0.194,-12.758,1,0.0288,90.466,4,0.769
Tom Petty (solo),1989-2006,5d71Imt5CIb7LpQwDMQ093,0,https://i.scdn.co/image/ca1b3817f571c60c1ef9d1b6b9af9ec8108fa72e,1/1/1989,Full Moon Fever,2ZbnL7TbxQxY7gs32zJXr9,Depending On You,36,https://embed.spotify.com/?uri=spotify:track:2ZbnL7TbxQxY7gs32zJXr9,58,2UZMlIwnkgAEDBsw1Rejkn,168533,FALSE,0.0968,0.67,0.83,5.78E-06,2,0.0565,-10.312,1,0.0274,127.895,4,0.968
Tom Petty (solo),1989-2006,5d71Imt5CIb7LpQwDMQ093,0,https://i.scdn.co/image/ca1b3817f571c60c1ef9d1b6b9af9ec8108fa72e,1/1/1989,Full Moon Fever,05Rd8zTyrkoOkglshkAQjR,The Apartment Song,38,https://embed.spotify.com/?uri=spotify:track:05Rd8zTyrkoOkglshkAQjR,58,2UZMlIwnkgAEDBsw1Rejkn,152506,FALSE,0.0965,0.676,0.692,0,9,0.106,-11.549,1,0.0351,143.082,4,0.865
Tom Petty (solo),1989-2006,5d71Imt5CIb7LpQwDMQ093,0,https://i.scdn.co/image/ca1b3817f571c60c1ef9d1b6b9af9ec8108fa72e,1/1/1989,Full Moon Fever,1ltSMXmvwdwnHcVY6tXKnB,Alright For Now,37,https://embed.spotify.com/?uri=spotify:track:1ltSMXmvwdwnHcVY6tXKnB,58,2UZMlIwnkgAEDBsw1Rejkn,120866,FALSE,0.811,0.545,0.107,8.57E-05,2,0.11,-21.405,1,0.0351,75.635,4,0.408
Tom Petty (solo),1989-2006,5d71Imt5CIb7LpQwDMQ093,0,https://i.scdn.co/image/ca1b3817f571c60c1ef9d1b6b9af9ec8108fa72e,1/1/1989,Full Moon Fever,3fUNTk0PhIXRftol5ZL8zj,A Mind With A Heart Of It's Own,35,https://embed.spotify.com/?uri=spotify:track:3fUNTk0PhIXRftol5ZL8zj,58,2UZMlIwnkgAEDBsw1Rejkn,211293,FALSE,0.218,0.703,0.911,0,2,0.13,-11.016,1,0.0567,101.529,4,0.63
Tom Petty (solo),1989-2006,5d71Imt5CIb7LpQwDMQ093,0,https://i.scdn.co/image/ca1b3817f571c60c1ef9d1b6b9af9ec8108fa72e,1/1/1989,Full Moon Fever,6fKYUIurKDNTHz7bEOaOj6,Zombie Zoo,37,https://embed.spotify.com/?uri=spotify:track:6fKYUIurKDNTHz7bEOaOj6,58,2UZMlIwnkgAEDBsw1Rejkn,178506,FALSE,0.0417,0.687,0.87,0,9,0.0361,-10.654,1,0.0314,116.229,4,0.902
Tom Petty and the Heartbreakers,1976-1987,55dSc0Ry199sq95DwnHFFa,0,https://i.scdn.co/image/70a5fb46a0f7267d677a10e4365b1a9426489a1d,7/29/2014,Hypnotic Eye,5TCq5VBFgZx6Pg3qeGqUE4,American Dream Plan B,38,https://embed.spotify.com/?uri=spotify:track:5TCq5VBFgZx6Pg3qeGqUE4,40,4tX2TplrkIP4v05BNC903e,179426,FALSE,0.174,0.687,0.612,0,2,0.125,-4.777,1,0.0446,128.373,4,0.813
Tom Petty and the Heartbreakers,1976-1987,55dSc0Ry199sq95DwnHFFa,0,https://i.scdn.co/image/70a5fb46a0f7267d677a10e4365b1a9426489a1d,7/29/2014,Hypnotic Eye,6EbwtNHHupaiR2tCTNwDFz,Fault Lines,34,https://embed.spotify.com/?uri=spotify:track:6EbwtNHHupaiR2tCTNwDFz,40,4tX2TplrkIP4v05BNC903e,267600,FALSE,0.00108,0.529,0.775,3.87E-05,8,0.275,-5.284,0,0.0267,98.178,4,0.714
Tom Petty and the Heartbreakers,1976-1987,55dSc0Ry199sq95DwnHFFa,0,https://i.scdn.co/image/70a5fb46a0f7267d677a10e4365b1a9426489a1d,7/29/2014,Hypnotic Eye,2JnQvMvZyV8c2fiLMKHZ80,Red River,37,https://embed.spotify.com/?uri=spotify:track:2JnQvMvZyV8c2fiLMKHZ80,40,4tX2TplrkIP4v05BNC903e,239693,FALSE,0.0811,0.596,0.728,1.53E-06,9,0.452,-5.275,0,0.0278,114.945,4,0.555
Tom Petty and the Heartbreakers,1976-1987,55dSc0Ry199sq95DwnHFFa,0,https://i.scdn.co/image/70a5fb46a0f7267d677a10e4365b1a9426489a1d,7/29/2014,Hypnotic Eye,1u4HpdpAG9W8HGXAlEqAhb,Full Grown Boy,30,https://embed.spotify.com/?uri=spotify:track:1u4HpdpAG9W8HGXAlEqAhb,40,4tX2TplrkIP4v05BNC903e,206120,FALSE,0.776,0.73,0.296,0.000457,2,0.125,-12.43,0,0.0276,108.043,4,0.495
Tom Petty and the Heartbreakers,1976-1987,55dSc0Ry199sq95DwnHFFa,0,https://i.scdn.co/image/70a5fb46a0f7267d677a10e4365b1a9426489a1d,7/29/2014,Hypnotic Eye,757plEIHl29OU5hOMRvJnH,All You Can Carry,32,https://embed.spotify.com/?uri=spotify:track:757plEIHl29OU5hOMRvJnH,40,4tX2TplrkIP4v05BNC903e,274813,FALSE,0.368,0.511,0.774,7.69E-06,9,0.265,-4.281,1,0.0276,115.385,4,0.756
Tom Petty and the Heartbreakers,1976-1987,55dSc0Ry199sq95DwnHFFa,0,https://i.scdn.co/image/70a5fb46a0f7267d677a10e4365b1a9426489a1d,7/29/2014,Hypnotic Eye,4qpNYHLKY8VWK3jU9dtext,Power Drunk,30,https://embed.spotify.com/?uri=spotify:track:4qpNYHLKY8VWK3jU9dtext,40,4tX2TplrkIP4v05BNC903e,279493,FALSE,0.611,0.626,0.505,0.00157,2,0.147,-7.212,1,0.0234,92.275,4,0.495
Tom Petty and the Heartbreakers,1976-1987,55dSc0Ry199sq95DwnHFFa,0,https://i.scdn.co/image/70a5fb46a0f7267d677a10e4365b1a9426489a1d,7/29/2014,Hypnotic Eye,2LpjANuqrysVLtWHqgtuwG,Forgotten Man,33,https://embed.spotify.com/?uri=spotify:track:2LpjANuqrysVLtWHqgtuwG,40,4tX2TplrkIP4v05BNC903e,168960,FALSE,0.0872,0.625,0.875,2.38E-05,10,0.148,-5.405,0,0.0276,103.03,4,0.763
Tom Petty and the Heartbreakers,1976-1987,55dSc0Ry199sq95DwnHFFa,0,https://i.scdn.co/image/70a5fb46a0f7267d677a10e4365b1a9426489a1d,7/29/2014,Hypnotic Eye,303LVb822iYKBiPdEGawa9,Sins Of My Youth,29,https://embed.spotify.com/?uri=spotify:track:303LVb822iYKBiPdEGawa9,40,4tX2TplrkIP4v05BNC903e,229533,FALSE,0.408,0.621,0.505,0.0182,11,0.121,-11.477,0,0.0331,111.984,4,0.448
Tom Petty and the Heartbreakers,1976-1987,55dSc0Ry199sq95DwnHFFa,0,https://i.scdn.co/image/70a5fb46a0f7267d677a10e4365b1a9426489a1d,7/29/2014,Hypnotic Eye,2rlhuKi3o7oySloqWw5TUa,U Get Me High,38,https://embed.spotify.com/?uri=spotify:track:2rlhuKi3o7oySloqWw5TUa,40,4tX2TplrkIP4v05BNC903e,251853,FALSE,0.00118,0.612,0.559,0.00837,4,0.13,-4.915,1,0.0264,101.456,4,0.752
Tom Petty and the Heartbreakers,1976-1987,55dSc0Ry199sq95DwnHFFa,0,https://i.scdn.co/image/70a5fb46a0f7267d677a10e4365b1a9426489a1d,7/29/2014,Hypnotic Eye,2hlCLts7h7aHlyuWibLayL,Burnt Out Town,27,https://embed.spotify.com/?uri=spotify:track:2hlCLts7h7aHlyuWibLayL,40,4tX2TplrkIP4v05BNC903e,184960,FALSE,0.11,0.612,0.681,0.0213,9,0.0952,-5.816,0,0.0268,107.296,4,0.427
Tom Petty and the Heartbreakers,1976-1987,55dSc0Ry199sq95DwnHFFa,0,https://i.scdn.co/image/70a5fb46a0f7267d677a10e4365b1a9426489a1d,7/29/2014,Hypnotic Eye,61yxDjvjwWEcZ47o9DJckg,Shadow People,29,https://embed.spotify.com/?uri=spotify:track:61yxDjvjwWEcZ47o9DJckg,40,4tX2TplrkIP4v05BNC903e,403160,FALSE,0.139,0.683,0.523,0.0039,9,0.0948,-7.743,0,0.0307,95.041,4,0.213
Tom Petty and the Heartbreakers,1976-1987,1x0nxFkOWytBolK91qkUSJ,0,https://i.scdn.co/image/d8196f39ae3b2fedba407a73fa22b214942d817f,6/15/2010,Mojo,4kxO8k7tQwTuV62gU87MIz,Jefferson Jericho Blues,33,https://embed.spotify.com/?uri=spotify:track:4kxO8k7tQwTuV62gU87MIz,39,4tX2TplrkIP4v05BNC903e,203480,FALSE,0.216,0.571,0.849,0.0018,2,0.224,-5.384,1,0.0305,107.049,4,0.725
Tom Petty and the Heartbreakers,1976-1987,1x0nxFkOWytBolK91qkUSJ,0,https://i.scdn.co/image/d8196f39ae3b2fedba407a73fa22b214942d817f,6/15/2010,Mojo,09mpWWohdXZXaseBdeqgS8,First Flash Of Freedom,32,https://embed.spotify.com/?uri=spotify:track:09mpWWohdXZXaseBdeqgS8,39,4tX2TplrkIP4v05BNC903e,412693,FALSE,0.157,0.362,0.544,0.0256,11,0.169,-8.402,0,0.0266,135.488,3,0.373
Tom Petty and the Heartbreakers,1976-1987,1x0nxFkOWytBolK91qkUSJ,0,https://i.scdn.co/image/d8196f39ae3b2fedba407a73fa22b214942d817f,6/15/2010,Mojo,1bwXsRO9GBPeHYtQaCP9OI,Running Man's Bible,27,https://embed.spotify.com/?uri=spotify:track:1bwXsRO9GBPeHYtQaCP9OI,39,4tX2TplrkIP4v05BNC903e,361320,FALSE,0.0122,0.694,0.639,0.0011,4,0.124,-6.792,0,0.0271,135.509,4,0.326
Tom Petty and the Heartbreakers,1976-1987,1x0nxFkOWytBolK91qkUSJ,0,https://i.scdn.co/image/d8196f39ae3b2fedba407a73fa22b214942d817f,6/15/2010,Mojo,39Y6FhE6CKDxHAJlU2jhUv,The Trip To Pirate's Cove,28,https://embed.spotify.com/?uri=spotify:track:39Y6FhE6CKDxHAJlU2jhUv,39,4tX2TplrkIP4v05BNC903e,299133,FALSE,0.258,0.563,0.504,5.58E-05,4,0.182,-10.407,0,0.0229,87.246,4,0.502
Tom Petty and the Heartbreakers,1976-1987,1x0nxFkOWytBolK91qkUSJ,0,https://i.scdn.co/image/d8196f39ae3b2fedba407a73fa22b214942d817f,6/15/2010,Mojo,5KPkd2iqW6r3Uoxnh3XcTV,Candy,28,https://embed.spotify.com/?uri=spotify:track:5KPkd2iqW6r3Uoxnh3XcTV,39,4tX2TplrkIP4v05BNC903e,251200,FALSE,0.54,0.778,0.528,0.00781,4,0.104,-8.614,1,0.03,133.811,4,0.861
Tom Petty and the Heartbreakers,1976-1987,1x0nxFkOWytBolK91qkUSJ,0,https://i.scdn.co/image/d8196f39ae3b2fedba407a73fa22b214942d817f,6/15/2010,Mojo,0lG9clpLuNyQs9XfJd4EFF,No Reason To Cry,25,https://embed.spotify.com/?uri=spotify:track:0lG9clpLuNyQs9XfJd4EFF,39,4tX2TplrkIP4v05BNC903e,184213,FALSE,0.638,0.532,0.359,0.000148,5,0.11,-12.702,1,0.0276,134.162,4,0.269
Tom Petty and the Heartbreakers,1976-1987,1x0nxFkOWytBolK91qkUSJ,0,https://i.scdn.co/image/d8196f39ae3b2fedba407a73fa22b214942d817f,6/15/2010,Mojo,0qyQKbbPLaG9FIENFTL7KY,I Should Have Known It,37,https://embed.spotify.com/?uri=spotify:track:0qyQKbbPLaG9FIENFTL7KY,39,4tX2TplrkIP4v05BNC903e,215613,FALSE,0.0357,0.262,0.816,0.000105,0,0.347,-4.154,1,0.0352,154.85,4,0.631
Tom Petty and the Heartbreakers,1976-1987,1x0nxFkOWytBolK91qkUSJ,0,https://i.scdn.co/image/d8196f39ae3b2fedba407a73fa22b214942d817f,6/15/2010,Mojo,19w0XPUdIGym1k2GCaCYUJ,U.S. 41,25,https://embed.spotify.com/?uri=spotify:track:19w0XPUdIGym1k2GCaCYUJ,39,4tX2TplrkIP4v05BNC903e,180253,FALSE,0.45,0.526,0.644,0,7,0.0954,-7.731,1,0.0317,97.647,4,0.608
Tom Petty and the Heartbreakers,1976-1987,1x0nxFkOWytBolK91qkUSJ,0,https://i.scdn.co/image/d8196f39ae3b2fedba407a73fa22b214942d817f,6/15/2010,Mojo,33BKOmrAYXpc2yycxD5h7S,Takin' My Time,25,https://embed.spotify.com/?uri=spotify:track:33BKOmrAYXpc2yycxD5h7S,39,4tX2TplrkIP4v05BNC903e,261373,FALSE,0.566,0.671,0.315,0.00411,2,0.0802,-7.066,1,0.0277,96.75,3,0.548
Tom Petty and the Heartbreakers,1976-1987,1x0nxFkOWytBolK91qkUSJ,0,https://i.scdn.co/image/d8196f39ae3b2fedba407a73fa22b214942d817f,6/15/2010,Mojo,3eGvKdxK4cRs0CvkohrpP1,Let Yourself Go,26,https://embed.spotify.com/?uri=spotify:track:3eGvKdxK4cRs0CvkohrpP1,39,4tX2TplrkIP4v05BNC903e,202613,FALSE,0.244,0.55,0.646,0.000183,5,0.132,-8.162,1,0.0277,167.542,4,0.777
Tom Petty and the Heartbreakers,1976-1987,1x0nxFkOWytBolK91qkUSJ,0,https://i.scdn.co/image/d8196f39ae3b2fedba407a73fa22b214942d817f,6/15/2010,Mojo,1dJTlLBUElqqU27D5EN207,Don't Pull Me Over,28,https://embed.spotify.com/?uri=spotify:track:1dJTlLBUElqqU27D5EN207,39,4tX2TplrkIP4v05BNC903e,244413,FALSE,0.565,0.701,0.451,0.00452,4,0.11,-8.263,1,0.0297,153.93,4,0.855
Tom Petty and the Heartbreakers,1976-1987,1x0nxFkOWytBolK91qkUSJ,0,https://i.scdn.co/image/d8196f39ae3b2fedba407a73fa22b214942d817f,6/15/2010,Mojo,5jQjF5cpLqomveKMUrFQ8K,Lover's Touch,25,https://embed.spotify.com/?uri=spotify:track:5jQjF5cpLqomveKMUrFQ8K,39,4tX2TplrkIP4v05BNC903e,263280,FALSE,0.645,0.62,0.347,0.00833,5,0.105,-9.578,0,0.0243,82.898,4,0.449
Tom Petty and the Heartbreakers,1976-1987,1x0nxFkOWytBolK91qkUSJ,0,https://i.scdn.co/image/d8196f39ae3b2fedba407a73fa22b214942d817f,6/15/2010,Mojo,4icPoSYZBZQ1kjRTSbYLDv,High In The Morning,26,https://embed.spotify.com/?uri=spotify:track:4icPoSYZBZQ1kjRTSbYLDv,39,4tX2TplrkIP4v05BNC903e,215613,FALSE,0.292,0.677,0.6,0.000528,4,0.16,-7.847,0,0.0267,118.362,4,0.605
Tom Petty and the Heartbreakers,1976-1987,1x0nxFkOWytBolK91qkUSJ,0,https://i.scdn.co/image/d8196f39ae3b2fedba407a73fa22b214942d817f,6/15/2010,Mojo,53DoKGKHCae8SekXxqUqys,Something Good Coming,37,https://embed.spotify.com/?uri=spotify:track:53DoKGKHCae8SekXxqUqys,39,4tX2TplrkIP4v05BNC903e,250520,FALSE,0.888,0.336,0.28,0.00228,7,0.111,-13.741,1,0.0322,147.644,3,0.163
Tom Petty and the Heartbreakers,1976-1987,1x0nxFkOWytBolK91qkUSJ,0,https://i.scdn.co/image/d8196f39ae3b2fedba407a73fa22b214942d817f,6/15/2010,Mojo,3BFOW7dc6oxzuEPWKsESTI,Good Enough,29,https://embed.spotify.com/?uri=spotify:track:3BFOW7dc6oxzuEPWKsESTI,39,4tX2TplrkIP4v05BNC903e,350733,FALSE,0.0453,0.398,0.605,0.0238,4,0.11,-5.057,0,0.0257,81.963,3,0.186
Tom Petty and the Heartbreakers,1976-1987,3lS4vVIHslBZgLituEQz5i,1,https://i.scdn.co/image/4eac6a91e9a01b1c7a8b6860825a05b9a5dc4cf2,10/8/2002,The Last DJ,0uUy3WK0JtTqhSFikqprgz,The Last DJ,40,https://embed.spotify.com/?uri=spotify:track:0uUy3WK0JtTqhSFikqprgz,34,4tX2TplrkIP4v05BNC903e,227986,FALSE,0.0134,0.597,0.76,7.90E-06,9,0.41,-3.94,0,0.0291,131.772,4,0.473
Tom Petty and the Heartbreakers,1976-1987,3lS4vVIHslBZgLituEQz5i,0,https://i.scdn.co/image/4eac6a91e9a01b1c7a8b6860825a05b9a5dc4cf2,10/8/2002,The Last DJ,4flkQH0IWDHtwgKNK5asp8,Money Becomes King,25,https://embed.spotify.com/?uri=spotify:track:4flkQH0IWDHtwgKNK5asp8,34,4tX2TplrkIP4v05BNC903e,310040,FALSE,0.122,0.565,0.559,0.000264,5,0.224,-4.119,1,0.0248,110.547,3,0.281
Tom Petty and the Heartbreakers,1976-1987,3lS4vVIHslBZgLituEQz5i,0,https://i.scdn.co/image/4eac6a91e9a01b1c7a8b6860825a05b9a5dc4cf2,10/8/2002,The Last DJ,0zG6crJiKpE4IIxSOtZXZs,Dreamville,23,https://embed.spotify.com/?uri=spotify:track:0zG6crJiKpE4IIxSOtZXZs,34,4tX2TplrkIP4v05BNC903e,227360,FALSE,0.237,0.513,0.438,9.38E-05,7,0.0815,-7.154,1,0.026,156.059,4,0.285
Tom Petty and the Heartbreakers,1976-1987,3lS4vVIHslBZgLituEQz5i,0,https://i.scdn.co/image/4eac6a91e9a01b1c7a8b6860825a05b9a5dc4cf2,10/8/2002,The Last DJ,37rAZwJ8r3lOzXPIwNujh3,Joe,22,https://embed.spotify.com/?uri=spotify:track:37rAZwJ8r3lOzXPIwNujh3,34,4tX2TplrkIP4v05BNC903e,195613,FALSE,0.0201,0.62,0.622,0,9,0.355,-3.003,0,0.0348,135.674,4,0.663
Tom Petty and the Heartbreakers,1976-1987,3lS4vVIHslBZgLituEQz5i,0,https://i.scdn.co/image/4eac6a91e9a01b1c7a8b6860825a05b9a5dc4cf2,10/8/2002,The Last DJ,3fSVMOj2BXP3nexp80BHyR,When A Kid Goes Bad,22,https://embed.spotify.com/?uri=spotify:track:3fSVMOj2BXP3nexp80BHyR,34,4tX2TplrkIP4v05BNC903e,296546,FALSE,0.0234,0.594,0.622,0.000509,9,0.712,-2.983,0,0.0298,166.051,4,0.579
Tom Petty and the Heartbreakers,1976-1987,3lS4vVIHslBZgLituEQz5i,0,https://i.scdn.co/image/4eac6a91e9a01b1c7a8b6860825a05b9a5dc4cf2,10/8/2002,The Last DJ,6gbUs1Yx5VZVUx2norDa9U,Like A Diamond,21,https://embed.spotify.com/?uri=spotify:track:6gbUs1Yx5VZVUx2norDa9U,34,4tX2TplrkIP4v05BNC903e,272773,FALSE,0.117,0.663,0.486,0.00531,2,0.129,-6.997,1,0.0263,131.848,4,0.127
Tom Petty and the Heartbreakers,1976-1987,3lS4vVIHslBZgLituEQz5i,0,https://i.scdn.co/image/4eac6a91e9a01b1c7a8b6860825a05b9a5dc4cf2,10/8/2002,The Last DJ,6xX294DtSXPPsthVYESGmC,Lost Children,21,https://embed.spotify.com/?uri=spotify:track:6xX294DtSXPPsthVYESGmC,34,4tX2TplrkIP4v05BNC903e,268573,FALSE,0.00356,0.443,0.711,1.44E-05,9,0.41,-3.639,0,0.0245,78.485,4,0.461
Tom Petty and the Heartbreakers,1976-1987,3lS4vVIHslBZgLituEQz5i,0,https://i.scdn.co/image/4eac6a91e9a01b1c7a8b6860825a05b9a5dc4cf2,10/8/2002,The Last DJ,0lycDxGsAabqB47w1Wib7t,Blue Sunday,22,https://embed.spotify.com/?uri=spotify:track:0lycDxGsAabqB47w1Wib7t,34,4tX2TplrkIP4v05BNC903e,176400,FALSE,0.359,0.632,0.381,0,5,0.269,-7.577,1,0.0265,116.657,4,0.222
Tom Petty and the Heartbreakers,1976-1987,3lS4vVIHslBZgLituEQz5i,0,https://i.scdn.co/image/4eac6a91e9a01b1c7a8b6860825a05b9a5dc4cf2,10/8/2002,The Last DJ,1q6KLpnyB8NMcSBUPVTlwa,You And Me,22,https://embed.spotify.com/?uri=spotify:track:1q6KLpnyB8NMcSBUPVTlwa,34,4tX2TplrkIP4v05BNC903e,177600,FALSE,0.133,0.574,0.483,0.00152,7,0.162,-12.984,1,0.0273,77.18,4,0.796
Tom Petty and the Heartbreakers,1976-1987,3lS4vVIHslBZgLituEQz5i,0,https://i.scdn.co/image/4eac6a91e9a01b1c7a8b6860825a05b9a5dc4cf2,10/8/2002,The Last DJ,7EOhgqeDauipBscd6ElO0I,The Man Who Loves Women,20,https://embed.spotify.com/?uri=spotify:track:7EOhgqeDauipBscd6ElO0I,34,4tX2TplrkIP4v05BNC903e,173866,FALSE,0.118,0.644,0.733,0.0016,0,0.136,-3.627,1,0.0302,123.033,4,0.519
Tom Petty and the Heartbreakers,1976-1987,3lS4vVIHslBZgLituEQz5i,0,https://i.scdn.co/image/4eac6a91e9a01b1c7a8b6860825a05b9a5dc4cf2,10/8/2002,The Last DJ,6712My4wA0OcvobBeTJttw,"Have Love, Will Travel",31,https://embed.spotify.com/?uri=spotify:track:6712My4wA0OcvobBeTJttw,34,4tX2TplrkIP4v05BNC903e,245906,FALSE,0.000804,0.48,0.701,2.09E-06,7,0.125,-4.231,1,0.0264,74.001,4,0.372
Tom Petty and the Heartbreakers,1976-1987,3lS4vVIHslBZgLituEQz5i,0,https://i.scdn.co/image/4eac6a91e9a01b1c7a8b6860825a05b9a5dc4cf2,10/8/2002,The Last DJ,5EUzA8l4fQGvPUkPs8w1X6,Can't Stop The Sun,20,https://embed.spotify.com/?uri=spotify:track:5EUzA8l4fQGvPUkPs8w1X6,34,4tX2TplrkIP4v05BNC903e,299960,FALSE,0.0397,0.239,0.537,0.00897,4,0.612,-4.11,0,0.0321,150.992,4,0.336
Tom Petty and the Heartbreakers,1976-1987,1lsBEh2R9B39hWfEo4iZSW,0,https://i.scdn.co/image/a55acac97bc1cc4636b1683b58ba0b4b17675b40,4/13/1999,Echo,7By7UYWA21PcKoKCl8ZaI7,Room At The Top,38,https://embed.spotify.com/?uri=spotify:track:7By7UYWA21PcKoKCl8ZaI7,38,4tX2TplrkIP4v05BNC903e,300933,FALSE,0.162,0.5,0.313,5.49E-05,0,0.117,-8.447,1,0.0253,84.04,4,0.169
Tom Petty and the Heartbreakers,1976-1987,1lsBEh2R9B39hWfEo4iZSW,0,https://i.scdn.co/image/a55acac97bc1cc4636b1683b58ba0b4b17675b40,4/13/1999,Echo,1d6Tu3TtlywCTKuAynuNE8,Counting On You,27,https://embed.spotify.com/?uri=spotify:track:1d6Tu3TtlywCTKuAynuNE8,38,4tX2TplrkIP4v05BNC903e,245240,FALSE,0.0471,0.686,0.712,7.13E-06,9,0.177,-5.571,0,0.0236,105.807,4,0.478
Tom Petty and the Heartbreakers,1976-1987,1lsBEh2R9B39hWfEo4iZSW,0,https://i.scdn.co/image/a55acac97bc1cc4636b1683b58ba0b4b17675b40,4/13/1999,Echo,1ayC8ThLb56mKdLsF3ognO,Free Girl Now,33,https://embed.spotify.com/?uri=spotify:track:1ayC8ThLb56mKdLsF3ognO,38,4tX2TplrkIP4v05BNC903e,210400,FALSE,0.13,0.603,0.869,0,2,0.168,-3.278,1,0.0373,121.568,4,0.832
Tom Petty and the Heartbreakers,1976-1987,1lsBEh2R9B39hWfEo4iZSW,0,https://i.scdn.co/image/a55acac97bc1cc4636b1683b58ba0b4b17675b40,4/13/1999,Echo,0WVQh1sOFyZL1yHsRduEH7,Lonesome Sundown,23,https://embed.spotify.com/?uri=spotify:track:0WVQh1sOFyZL1yHsRduEH7,38,4tX2TplrkIP4v05BNC903e,272026,FALSE,0.315,0.6,0.382,3.96E-06,9,0.111,-8.74,1,0.0312,124.479,4,0.338
Tom Petty and the Heartbreakers,1976-1987,1lsBEh2R9B39hWfEo4iZSW,1,https://i.scdn.co/image/a55acac97bc1cc4636b1683b58ba0b4b17675b40,4/13/1999,Echo,61SdG3F3LncuuMLAS8oN6j,Swingin',41,https://embed.spotify.com/?uri=spotify:track:61SdG3F3LncuuMLAS8oN6j,38,4tX2TplrkIP4v05BNC903e,330306,FALSE,0.00472,0.405,0.6,2.27E-06,7,0.29,-5.599,1,0.0254,92.815,4,0.404
Tom Petty and the Heartbreakers,1976-1987,1lsBEh2R9B39hWfEo4iZSW,0,https://i.scdn.co/image/a55acac97bc1cc4636b1683b58ba0b4b17675b40,4/13/1999,Echo,4RmnNQrqCXEA1Fy0hoMwAC,Accused Of Love,23,https://embed.spotify.com/?uri=spotify:track:4RmnNQrqCXEA1Fy0hoMwAC,38,4tX2TplrkIP4v05BNC903e,165093,FALSE,0.0139,0.665,0.678,8.33E-06,7,0.133,-5.087,1,0.0291,115.757,4,0.919
Tom Petty and the Heartbreakers,1976-1987,1lsBEh2R9B39hWfEo4iZSW,0,https://i.scdn.co/image/a55acac97bc1cc4636b1683b58ba0b4b17675b40,4/13/1999,Echo,5BKc1D4DKDRjAg37HT7vLD,Echo,31,https://embed.spotify.com/?uri=spotify:track:5BKc1D4DKDRjAg37HT7vLD,38,4tX2TplrkIP4v05BNC903e,396773,FALSE,0.0387,0.547,0.56,3.46E-06,0,0.0632,-6.319,1,0.0241,83.32,4,0.484
Tom Petty and the Heartbreakers,1976-1987,1lsBEh2R9B39hWfEo4iZSW,0,https://i.scdn.co/image/a55acac97bc1cc4636b1683b58ba0b4b17675b40,4/13/1999,Echo,58XhRMVu10JRvm681FUDrm,Won't Last Long,22,https://embed.spotify.com/?uri=spotify:track:58XhRMVu10JRvm681FUDrm,38,4tX2TplrkIP4v05BNC903e,262466,FALSE,0.0118,0.508,0.773,2.63E-05,7,0.706,-4.432,1,0.0325,132.103,4,0.397
Tom Petty and the Heartbreakers,1976-1987,1lsBEh2R9B39hWfEo4iZSW,0,https://i.scdn.co/image/a55acac97bc1cc4636b1683b58ba0b4b17675b40,4/13/1999,Echo,6xlw9Qx9VDEvTdxOT98wFd,BillyThe Kid,23,https://embed.spotify.com/?uri=spotify:track:6xlw9Qx9VDEvTdxOT98wFd,38,4tX2TplrkIP4v05BNC903e,248933,FALSE,0.0465,0.569,0.675,0,0,0.212,-4.624,1,0.0272,112.942,4,0.699
Tom Petty and the Heartbreakers,1976-1987,1lsBEh2R9B39hWfEo4iZSW,0,https://i.scdn.co/image/a55acac97bc1cc4636b1683b58ba0b4b17675b40,4/13/1999,Echo,5D1Oxyf6jQqBr1ynZZiYrw,I Don't Wanna Fight,21,https://embed.spotify.com/?uri=spotify:track:5D1Oxyf6jQqBr1ynZZiYrw,38,4tX2TplrkIP4v05BNC903e,167960,FALSE,0.0621,0.629,0.976,0.0776,8,0.24,-2.965,1,0.0342,121.461,4,0.909
Tom Petty and the Heartbreakers,1976-1987,1lsBEh2R9B39hWfEo4iZSW,0,https://i.scdn.co/image/a55acac97bc1cc4636b1683b58ba0b4b17675b40,4/13/1999,Echo,5ey38Zdk5g4fIMrZ2F9dMz,This One's For Me,22,https://embed.spotify.com/?uri=spotify:track:5ey38Zdk5g4fIMrZ2F9dMz,38,4tX2TplrkIP4v05BNC903e,162440,FALSE,0.0246,0.566,0.755,0,7,0.26,-4.172,1,0.028,120.904,4,0.843
Tom Petty and the Heartbreakers,1976-1987,1lsBEh2R9B39hWfEo4iZSW,0,https://i.scdn.co/image/a55acac97bc1cc4636b1683b58ba0b4b17675b40,4/13/1999,Echo,3KeS0eDryqYu5mKg2u1rQ3,No More,20,https://embed.spotify.com/?uri=spotify:track:3KeS0eDryqYu5mKg2u1rQ3,38,4tX2TplrkIP4v05BNC903e,195826,FALSE,0.392,0.462,0.252,0.00398,2,0.131,-12.451,1,0.0346,168.538,4,0.234
Tom Petty and the Heartbreakers,1976-1987,1lsBEh2R9B39hWfEo4iZSW,0,https://i.scdn.co/image/a55acac97bc1cc4636b1683b58ba0b4b17675b40,4/13/1999,Echo,7oe314YAEI5LLGkGbvB0QR,About To Give Out,20,https://embed.spotify.com/?uri=spotify:track:7oe314YAEI5LLGkGbvB0QR,38,4tX2TplrkIP4v05BNC903e,192600,FALSE,0.0116,0.548,0.959,0,0,0.163,-3.23,1,0.0366,134.978,4,0.727
Tom Petty and the Heartbreakers,1976-1987,1lsBEh2R9B39hWfEo4iZSW,0,https://i.scdn.co/image/a55acac97bc1cc4636b1683b58ba0b4b17675b40,4/13/1999,Echo,2VzolCVYVimk4Tqr9MvGUz,Rhino Skin,22,https://embed.spotify.com/?uri=spotify:track:2VzolCVYVimk4Tqr9MvGUz,38,4tX2TplrkIP4v05BNC903e,237133,FALSE,0.269,0.63,0.593,0.000619,9,0.0888,-6.144,0,0.027,118.837,4,0.249
Tom Petty and the Heartbreakers,1976-1987,1lsBEh2R9B39hWfEo4iZSW,0,https://i.scdn.co/image/a55acac97bc1cc4636b1683b58ba0b4b17675b40,4/13/1999,Echo,55crTVZNi7sIRIbe2rdOY1,"One More Day, One More Night",21,https://embed.spotify.com/?uri=spotify:track:55crTVZNi7sIRIbe2rdOY1,38,4tX2TplrkIP4v05BNC903e,337906,FALSE,0.0284,0.414,0.448,1.71E-05,0,0.104,-5.004,1,0.0259,84.053,3,0.377
Tom Petty and the Heartbreakers,1976-1987,0FVwC6leDmim0EO68PjYto,1,https://i.scdn.co/image/66d0d03e157cd2ba9a4eae9e52ab7a9fb1ea682d,8/6/1996,She's The One (Songs and Music From The Motion Picture),5yEpB2g3CbuVk4YmAkzkOK,Walls - Circus,42,https://embed.spotify.com/?uri=spotify:track:5yEpB2g3CbuVk4YmAkzkOK,38,4tX2TplrkIP4v05BNC903e,265306,FALSE,0.0742,0.538,0.763,3.54E-06,5,0.116,-5.238,1,0.0264,100.837,4,0.39
Tom Petty and the Heartbreakers,1976-1987,0FVwC6leDmim0EO68PjYto,0,https://i.scdn.co/image/66d0d03e157cd2ba9a4eae9e52ab7a9fb1ea682d,8/6/1996,She's The One (Songs and Music From The Motion Picture),0vVdhfmVzyRWyXTafs0ZS1,Grew Up Fast,24,https://embed.spotify.com/?uri=spotify:track:0vVdhfmVzyRWyXTafs0ZS1,38,4tX2TplrkIP4v05BNC903e,309866,FALSE,0.137,0.399,0.429,0.00287,4,0.114,-10.475,0,0.0528,104.773,4,0.0779
Tom Petty and the Heartbreakers,1976-1987,0FVwC6leDmim0EO68PjYto,0,https://i.scdn.co/image/66d0d03e157cd2ba9a4eae9e52ab7a9fb1ea682d,8/6/1996,She's The One (Songs and Music From The Motion Picture),6IhFM3Z5hLM9ZFZpRCjpSc,Zero From Outer Space,22,https://embed.spotify.com/?uri=spotify:track:6IhFM3Z5hLM9ZFZpRCjpSc,38,4tX2TplrkIP4v05BNC903e,188226,TRUE,0.0544,0.549,0.97,0.00277,9,0.174,-4.83,1,0.0846,108.622,4,0.227
Tom Petty and the Heartbreakers,1976-1987,0FVwC6leDmim0EO68PjYto,0,https://i.scdn.co/image/66d0d03e157cd2ba9a4eae9e52ab7a9fb1ea682d,8/6/1996,She's The One (Songs and Music From The Motion Picture),07OzY9t9JaXYTTjXxysTXm,Climb That Hill,24,https://embed.spotify.com/?uri=spotify:track:07OzY9t9JaXYTTjXxysTXm,38,4tX2TplrkIP4v05BNC903e,237866,FALSE,0.00448,0.542,0.717,2.04E-05,7,0.355,-5.736,1,0.0317,99.47,4,0.282
Tom Petty and the Heartbreakers,1976-1987,0FVwC6leDmim0EO68PjYto,0,https://i.scdn.co/image/66d0d03e157cd2ba9a4eae9e52ab7a9fb1ea682d,8/6/1996,She's The One (Songs and Music From The Motion Picture),3bgn7BnExWqbi9RHOtlK5y,Change The Locks,28,https://embed.spotify.com/?uri=spotify:track:3bgn7BnExWqbi9RHOtlK5y,38,4tX2TplrkIP4v05BNC903e,296373,FALSE,0.00456,0.486,0.65,0.000365,2,0.421,-5.689,1,0.0301,76.002,4,0.366
Tom Petty and the Heartbreakers,1976-1987,0FVwC6leDmim0EO68PjYto,0,https://i.scdn.co/image/66d0d03e157cd2ba9a4eae9e52ab7a9fb1ea682d,8/6/1996,She's The One (Songs and Music From The Motion Picture),0tFF03AX223mZHNmMhnBvQ,Angel Dream (No. 4),33,https://embed.spotify.com/?uri=spotify:track:0tFF03AX223mZHNmMhnBvQ,38,4tX2TplrkIP4v05BNC903e,147800,FALSE,0.0486,0.622,0.783,0.00105,4,0.615,-10.336,1,0.0372,111.609,4,0.691
Tom Petty and the Heartbreakers,1976-1987,0FVwC6leDmim0EO68PjYto,0,https://i.scdn.co/image/66d0d03e157cd2ba9a4eae9e52ab7a9fb1ea682d,8/6/1996,She's The One (Songs and Music From The Motion Picture),0R1cpAAZaWuoIngSRuRWTM,Hope You Never,22,https://embed.spotify.com/?uri=spotify:track:0R1cpAAZaWuoIngSRuRWTM,38,4tX2TplrkIP4v05BNC903e,182800,FALSE,0.0183,0.702,0.449,0.000127,4,0.165,-7.582,0,0.0256,88.344,4,0.52
Tom Petty and the Heartbreakers,1976-1987,0FVwC6leDmim0EO68PjYto,0,https://i.scdn.co/image/66d0d03e157cd2ba9a4eae9e52ab7a9fb1ea682d,8/6/1996,She's The One (Songs and Music From The Motion Picture),2BnrhusEdFJOMCUKpor25w,Asshole,22,https://embed.spotify.com/?uri=spotify:track:2BnrhusEdFJOMCUKpor25w,38,4tX2TplrkIP4v05BNC903e,191426,FALSE,0.518,0.601,0.338,8.35E-05,0,0.316,-10.759,1,0.0275,73.587,4,0.416
Tom Petty and the Heartbreakers,1976-1987,0FVwC6leDmim0EO68PjYto,0,https://i.scdn.co/image/66d0d03e157cd2ba9a4eae9e52ab7a9fb1ea682d,8/6/1996,She's The One (Songs and Music From The Motion Picture),2vypyilQniBoQxvbvofLjE,Supernatural Radio,20,https://embed.spotify.com/?uri=spotify:track:2vypyilQniBoQxvbvofLjE,38,4tX2TplrkIP4v05BNC903e,322773,FALSE,0.00759,0.399,0.565,7.76E-05,9,0.202,-6.717,0,0.0283,145.522,4,0.4
Tom Petty and the Heartbreakers,1976-1987,0FVwC6leDmim0EO68PjYto,0,https://i.scdn.co/image/66d0d03e157cd2ba9a4eae9e52ab7a9fb1ea682d,8/6/1996,She's The One (Songs and Music From The Motion Picture),3oSl41e3rfJXanYvIufE23,California,27,https://embed.spotify.com/?uri=spotify:track:3oSl41e3rfJXanYvIufE23,38,4tX2TplrkIP4v05BNC903e,159333,FALSE,0.385,0.639,0.821,5.83E-05,2,0.334,-5.171,1,0.0279,116.004,4,0.729
Tom Petty and the Heartbreakers,1976-1987,0FVwC6leDmim0EO68PjYto,0,https://i.scdn.co/image/66d0d03e157cd2ba9a4eae9e52ab7a9fb1ea682d,8/6/1996,She's The One (Songs and Music From The Motion Picture),7MkUQQmpWL7xZs3bBsPx6m,Hope On Board,20,https://embed.spotify.com/?uri=spotify:track:7MkUQQmpWL7xZs3bBsPx6m,38,4tX2TplrkIP4v05BNC903e,78400,FALSE,0.533,0.335,0.101,0.937,5,0.092,-18.38,1,0.0365,158.77,4,0.255
Tom Petty and the Heartbreakers,1976-1987,0FVwC6leDmim0EO68PjYto,0,https://i.scdn.co/image/66d0d03e157cd2ba9a4eae9e52ab7a9fb1ea682d,8/6/1996,She's The One (Songs and Music From The Motion Picture),4eHWgathEi3nUnZhEG4XV6,Walls (No. 3),34,https://embed.spotify.com/?uri=spotify:track:4eHWgathEi3nUnZhEG4XV6,38,4tX2TplrkIP4v05BNC903e,183560,FALSE,0.00784,0.654,0.622,4.45E-05,5,0.195,-5.592,1,0.0267,119.088,4,0.612
Tom Petty and the Heartbreakers,1976-1987,0FVwC6leDmim0EO68PjYto,0,https://i.scdn.co/image/66d0d03e157cd2ba9a4eae9e52ab7a9fb1ea682d,8/6/1996,She's The One (Songs and Music From The Motion Picture),0M39gcCNUkpAWFj7OdwGjR,Angel Dream (No. 2),28,https://embed.spotify.com/?uri=spotify:track:0M39gcCNUkpAWFj7OdwGjR,38,4tX2TplrkIP4v05BNC903e,147600,FALSE,0.667,0.362,0.233,1.43E-06,4,0.115,-15.518,1,0.0295,80.154,3,0.277
Tom Petty and the Heartbreakers,1976-1987,0FVwC6leDmim0EO68PjYto,0,https://i.scdn.co/image/66d0d03e157cd2ba9a4eae9e52ab7a9fb1ea682d,8/6/1996,She's The One (Songs and Music From The Motion Picture),4Bn4UHmnBSGYNpTEQXhFby,Hung Up And Overdue,19,https://embed.spotify.com/?uri=spotify:track:4Bn4UHmnBSGYNpTEQXhFby,38,4tX2TplrkIP4v05BNC903e,348840,FALSE,0.0748,0.592,0.482,3.38E-05,2,0.106,-7.77,1,0.0262,78.272,4,0.26
Tom Petty and the Heartbreakers,1976-1987,0FVwC6leDmim0EO68PjYto,0,https://i.scdn.co/image/66d0d03e157cd2ba9a4eae9e52ab7a9fb1ea682d,8/6/1996,She's The One (Songs and Music From The Motion Picture),6NCVV4Y4iwdXO1uEnioytR,Airport,18,https://embed.spotify.com/?uri=spotify:track:6NCVV4Y4iwdXO1uEnioytR,38,4tX2TplrkIP4v05BNC903e,57666,FALSE,0.227,0.72,0.374,0.878,2,0.0925,-11.875,1,0.051,125.139,4,0.786
Tom Petty and the Heartbreakers,1976-1987,42G5ULkCRRl3crJMlg6eKd,1,https://i.scdn.co/image/1098212bca1cb2e86dc20d2362c2e3ac6b2e6059,1/1/1991,Into The Great Wide Open,17S4XrLvF5jlGvGCJHgF51,Learning To Fly,55,https://embed.spotify.com/?uri=spotify:track:17S4XrLvF5jlGvGCJHgF51,47,4tX2TplrkIP4v05BNC903e,242106,FALSE,0.204,0.659,0.739,0.000564,0,0.365,-9.906,1,0.0287,116.728,4,0.942
Tom Petty and the Heartbreakers,1976-1987,42G5ULkCRRl3crJMlg6eKd,0,https://i.scdn.co/image/1098212bca1cb2e86dc20d2362c2e3ac6b2e6059,1/1/1991,Into The Great Wide Open,0ge66NW3sKKgWW7eKQHnE0,Kings Highway,30,https://embed.spotify.com/?uri=spotify:track:0ge66NW3sKKgWW7eKQHnE0,47,4tX2TplrkIP4v05BNC903e,186733,FALSE,0.0695,0.478,0.688,0,7,0.329,-8.171,1,0.0323,133.743,4,0.767
Tom Petty and the Heartbreakers,1976-1987,42G5ULkCRRl3crJMlg6eKd,1,https://i.scdn.co/image/1098212bca1cb2e86dc20d2362c2e3ac6b2e6059,1/1/1991,Into The Great Wide Open,63xBnyUVKIupzjHno4wFs3,Into The Great Wide Open,46,https://embed.spotify.com/?uri=spotify:track:63xBnyUVKIupzjHno4wFs3,47,4tX2TplrkIP4v05BNC903e,223333,FALSE,0.241,0.602,0.57,0,4,0.182,-9.701,0,0.0233,82.22,4,0.705
Tom Petty and the Heartbreakers,1976-1987,42G5ULkCRRl3crJMlg6eKd,0,https://i.scdn.co/image/1098212bca1cb2e86dc20d2362c2e3ac6b2e6059,1/1/1991,Into The Great Wide Open,46kCzTrwMMjUh4By11wvxc,Two Gunslingers,30,https://embed.spotify.com/?uri=spotify:track:46kCzTrwMMjUh4By11wvxc,47,4tX2TplrkIP4v05BNC903e,189266,FALSE,0.455,0.619,0.724,0,11,0.174,-9.474,1,0.0309,117.997,4,0.715
Tom Petty and the Heartbreakers,1976-1987,42G5ULkCRRl3crJMlg6eKd,0,https://i.scdn.co/image/1098212bca1cb2e86dc20d2362c2e3ac6b2e6059,1/1/1991,Into The Great Wide Open,0QXX3wBM2quMca45ptpjfZ,The Dark Of The Sun,26,https://embed.spotify.com/?uri=spotify:track:0QXX3wBM2quMca45ptpjfZ,47,4tX2TplrkIP4v05BNC903e,202973,FALSE,0.189,0.455,0.704,1.12E-05,7,0.139,-9.437,1,0.0333,139.705,4,0.858
Tom Petty and the Heartbreakers,1976-1987,42G5ULkCRRl3crJMlg6eKd,0,https://i.scdn.co/image/1098212bca1cb2e86dc20d2362c2e3ac6b2e6059,1/1/1991,Into The Great Wide Open,1yVRnCEy5qXzwwaWaq4NB9,All Or Nothin',26,https://embed.spotify.com/?uri=spotify:track:1yVRnCEy5qXzwwaWaq4NB9,47,4tX2TplrkIP4v05BNC903e,245733,FALSE,0.15,0.522,0.71,0,5,0.724,-8.552,0,0.0296,97.595,4,0.485
Tom Petty and the Heartbreakers,1976-1987,42G5ULkCRRl3crJMlg6eKd,0,https://i.scdn.co/image/1098212bca1cb2e86dc20d2362c2e3ac6b2e6059,1/1/1991,Into The Great Wide Open,0l1P0R2Pzbq8OmUTD0Btsj,All The Wrong Reasons,28,https://embed.spotify.com/?uri=spotify:track:0l1P0R2Pzbq8OmUTD0Btsj,47,4tX2TplrkIP4v05BNC903e,225293,FALSE,0.328,0.329,0.539,0,5,0.249,-8.587,1,0.0284,157.899,4,0.571
Tom Petty and the Heartbreakers,1976-1987,42G5ULkCRRl3crJMlg6eKd,0,https://i.scdn.co/image/1098212bca1cb2e86dc20d2362c2e3ac6b2e6059,1/1/1991,Into The Great Wide Open,1yngi3VtkrxvSVIzEjVmuG,Too Good To Be True,25,https://embed.spotify.com/?uri=spotify:track:1yngi3VtkrxvSVIzEjVmuG,47,4tX2TplrkIP4v05BNC903e,238333,FALSE,0.0745,0.575,0.804,0.0202,0,0.0704,-8.715,0,0.0343,135.581,4,0.322
Tom Petty and the Heartbreakers,1976-1987,42G5ULkCRRl3crJMlg6eKd,0,https://i.scdn.co/image/1098212bca1cb2e86dc20d2362c2e3ac6b2e6059,1/1/1991,Into The Great Wide Open,3m8w70z3xjmSjpc30Bn2T2,Out In The Cold,26,https://embed.spotify.com/?uri=spotify:track:3m8w70z3xjmSjpc30Bn2T2,47,4tX2TplrkIP4v05BNC903e,221000,FALSE,0.07,0.445,0.882,1.32E-05,4,0.923,-7.314,1,0.0423,148.498,4,0.651
Tom Petty and the Heartbreakers,1976-1987,42G5ULkCRRl3crJMlg6eKd,0,https://i.scdn.co/image/1098212bca1cb2e86dc20d2362c2e3ac6b2e6059,1/1/1991,Into The Great Wide Open,1lgacJl0bzYRVm1pNNYzVk,You And I Will Meet Again,26,https://embed.spotify.com/?uri=spotify:track:1lgacJl0bzYRVm1pNNYzVk,47,4tX2TplrkIP4v05BNC903e,220866,FALSE,0.0241,0.528,0.772,0,4,0.358,-8.005,1,0.0354,124.951,4,0.445
Tom Petty and the Heartbreakers,1976-1987,42G5ULkCRRl3crJMlg6eKd,0,https://i.scdn.co/image/1098212bca1cb2e86dc20d2362c2e3ac6b2e6059,1/1/1991,Into The Great Wide Open,7mv6tR9QRBNhHGRjv34FUp,Makin' Some Noise,24,https://embed.spotify.com/?uri=spotify:track:7mv6tR9QRBNhHGRjv34FUp,47,4tX2TplrkIP4v05BNC903e,205666,FALSE,0.247,0.475,0.845,0,0,0.724,-7.752,1,0.036,168.234,4,0.884
Tom Petty and the Heartbreakers,1976-1987,42G5ULkCRRl3crJMlg6eKd,0,https://i.scdn.co/image/1098212bca1cb2e86dc20d2362c2e3ac6b2e6059,1/1/1991,Into The Great Wide Open,0736w0GUZoRcKXXx3oyirg,Built To Last,25,https://embed.spotify.com/?uri=spotify:track:0736w0GUZoRcKXXx3oyirg,47,4tX2TplrkIP4v05BNC903e,238173,FALSE,0.242,0.698,0.544,0,0,0.18,-10.375,1,0.0271,110.947,4,0.637
Tom Petty and the Heartbreakers,1976-1987,1jti40LLiMKDuSci8PB2RZ,0,https://i.scdn.co/image/e704f9d0498e9c81d43de352f67dbe2332bd5be8,4/21/1987,Let Me Up (I've Had Enough),2AFJkvRUFVx0MccykGaHV2,Jammin' Me,36,https://embed.spotify.com/?uri=spotify:track:2AFJkvRUFVx0MccykGaHV2,30,4tX2TplrkIP4v05BNC903e,249093,FALSE,0.0304,0.689,0.734,3.43E-05,9,0.298,-11.358,1,0.0296,123.484,4,0.957
Tom Petty and the Heartbreakers,1976-1987,1jti40LLiMKDuSci8PB2RZ,0,https://i.scdn.co/image/e704f9d0498e9c81d43de352f67dbe2332bd5be8,4/21/1987,Let Me Up (I've Had Enough),1EEbSn8kJY93w3i8hyAbOk,Runaway Trains,22,https://embed.spotify.com/?uri=spotify:track:1EEbSn8kJY93w3i8hyAbOk,30,4tX2TplrkIP4v05BNC903e,312733,FALSE,0.0458,0.569,0.612,0.00694,6,0.0551,-13.642,1,0.0268,124.343,4,0.806
Tom Petty and the Heartbreakers,1976-1987,1jti40LLiMKDuSci8PB2RZ,0,https://i.scdn.co/image/e704f9d0498e9c81d43de352f67dbe2332bd5be8,4/21/1987,Let Me Up (I've Had Enough),464jBiFTutMrDujJTKYGiY,The Damage You've Done,22,https://embed.spotify.com/?uri=spotify:track:464jBiFTutMrDujJTKYGiY,30,4tX2TplrkIP4v05BNC903e,233226,FALSE,0.0355,0.7,0.672,0.00103,0,0.1,-14.052,1,0.0289,140.422,4,0.667
Tom Petty and the Heartbreakers,1976-1987,1jti40LLiMKDuSci8PB2RZ,0,https://i.scdn.co/image/e704f9d0498e9c81d43de352f67dbe2332bd5be8,4/21/1987,Let Me Up (I've Had Enough),18N4jiKRHtC5v5bgMtFeUF,It'll All Work Out,27,https://embed.spotify.com/?uri=spotify:track:18N4jiKRHtC5v5bgMtFeUF,30,4tX2TplrkIP4v05BNC903e,191533,FALSE,0.746,0.587,0.266,5.27E-05,7,0.34,-17.747,1,0.0312,136.635,3,0.443
Tom Petty and the Heartbreakers,1976-1987,1jti40LLiMKDuSci8PB2RZ,0,https://i.scdn.co/image/e704f9d0498e9c81d43de352f67dbe2332bd5be8,4/21/1987,Let Me Up (I've Had Enough),2NgbWfwg8ZkxtNGsKYLqXB,My Life / Your World,17,https://embed.spotify.com/?uri=spotify:track:2NgbWfwg8ZkxtNGsKYLqXB,30,4tX2TplrkIP4v05BNC903e,278066,FALSE,0.234,0.747,0.438,0.0152,7,0.0573,-16.617,1,0.0365,110.1,4,0.854
Tom Petty and the Heartbreakers,1976-1987,1jti40LLiMKDuSci8PB2RZ,0,https://i.scdn.co/image/e704f9d0498e9c81d43de352f67dbe2332bd5be8,4/21/1987,Let Me Up (I've Had Enough),1Gi7TZG5fETr9bWku96LWe,Think About Me,18,https://embed.spotify.com/?uri=spotify:track:1Gi7TZG5fETr9bWku96LWe,30,4tX2TplrkIP4v05BNC903e,225173,FALSE,0.0122,0.537,0.706,0.000109,2,0.3,-11.343,1,0.0276,91.93,4,0.707
Tom Petty and the Heartbreakers,1976-1987,1jti40LLiMKDuSci8PB2RZ,0,https://i.scdn.co/image/e704f9d0498e9c81d43de352f67dbe2332bd5be8,4/21/1987,Let Me Up (I've Had Enough),4FEiKhnLcnIbBJGEh8VjvD,All Mixed Up,17,https://embed.spotify.com/?uri=spotify:track:4FEiKhnLcnIbBJGEh8VjvD,30,4tX2TplrkIP4v05BNC903e,222533,FALSE,0.26,0.652,0.495,8.39E-06,1,0.0292,-13.941,1,0.0303,94.282,4,0.859
Tom Petty and the Heartbreakers,1976-1987,1jti40LLiMKDuSci8PB2RZ,0,https://i.scdn.co/image/e704f9d0498e9c81d43de352f67dbe2332bd5be8,4/21/1987,Let Me Up (I've Had Enough),6fA1ZWQWpyHwU5wHXBuaF3,A Self Made Man,17,https://embed.spotify.com/?uri=spotify:track:6fA1ZWQWpyHwU5wHXBuaF3,30,4tX2TplrkIP4v05BNC903e,178760,FALSE,0.128,0.473,0.578,0.000159,2,0.179,-13.605,0,0.0254,174.71,4,0.772
Tom Petty and the Heartbreakers,1976-1987,1jti40LLiMKDuSci8PB2RZ,0,https://i.scdn.co/image/e704f9d0498e9c81d43de352f67dbe2332bd5be8,4/21/1987,Let Me Up (I've Had Enough),7iaqzn2lAx6RIzFfJ4GMwR,Ain't Love Strange,16,https://embed.spotify.com/?uri=spotify:track:7iaqzn2lAx6RIzFfJ4GMwR,30,4tX2TplrkIP4v05BNC903e,157760,FALSE,0.0877,0.668,0.651,0.000358,0,0.101,-11.655,1,0.0274,128.008,4,0.715
Tom Petty and the Heartbreakers,1976-1987,1jti40LLiMKDuSci8PB2RZ,0,https://i.scdn.co/image/e704f9d0498e9c81d43de352f67dbe2332bd5be8,4/21/1987,Let Me Up (I've Had Enough),4rUQACCcmDQLJGBvkYe68e,How Many More Days,16,https://embed.spotify.com/?uri=spotify:track:4rUQACCcmDQLJGBvkYe68e,30,4tX2TplrkIP4v05BNC903e,198666,FALSE,0.028,0.644,0.716,0.000385,3,0.415,-15.031,1,0.0336,117.37,4,0.639
Tom Petty and the Heartbreakers,1976-1987,1jti40LLiMKDuSci8PB2RZ,0,https://i.scdn.co/image/e704f9d0498e9c81d43de352f67dbe2332bd5be8,4/21/1987,Let Me Up (I've Had Enough),1saTwLxAYTK3VmXDa9yKfe,Let Me Up (I've Had Enough),17,https://embed.spotify.com/?uri=spotify:track:1saTwLxAYTK3VmXDa9yKfe,30,4tX2TplrkIP4v05BNC903e,213226,FALSE,0.00227,0.544,0.773,1.08E-05,6,0.0789,-13.097,1,0.0277,112.612,4,0.807
Tom Petty and the Heartbreakers,1976-1987,2uslG8GJwri1ewdlK2Uuv4,0,https://i.scdn.co/image/ee662ae0337fac836feafd53227d19c3b28a3fb1,3/26/1985,Southern Accents,1QN5cKoYlEkJ4aMBfqDqXe,Rebels,35,https://embed.spotify.com/?uri=spotify:track:1QN5cKoYlEkJ4aMBfqDqXe,36,4tX2TplrkIP4v05BNC903e,321693,FALSE,0.126,0.572,0.539,7.08E-06,0,0.0529,-13.393,1,0.0295,139.409,4,0.659
Tom Petty and the Heartbreakers,1976-1987,2uslG8GJwri1ewdlK2Uuv4,0,https://i.scdn.co/image/ee662ae0337fac836feafd53227d19c3b28a3fb1,3/26/1985,Southern Accents,65u6QIF4KCxRqZmnBxPVCu,It Ain't Nothin' To Me,23,https://embed.spotify.com/?uri=spotify:track:65u6QIF4KCxRqZmnBxPVCu,36,4tX2TplrkIP4v05BNC903e,312600,FALSE,0.124,0.71,0.609,3.31E-05,7,0.0944,-15.081,1,0.0919,117.782,4,0.72
Tom Petty and the Heartbreakers,1976-1987,2uslG8GJwri1ewdlK2Uuv4,0,https://i.scdn.co/image/ee662ae0337fac836feafd53227d19c3b28a3fb1,3/26/1985,Southern Accents,3BSoskNONnjn05yRO2tYFX,Don't Come Around Here No More,39,https://embed.spotify.com/?uri=spotify:track:3BSoskNONnjn05yRO2tYFX,36,4tX2TplrkIP4v05BNC903e,307333,FALSE,0.00137,0.514,0.533,0.00404,10,0.183,-15.922,1,0.0315,160.55,4,0.93
Tom Petty and the Heartbreakers,1976-1987,2uslG8GJwri1ewdlK2Uuv4,0,https://i.scdn.co/image/ee662ae0337fac836feafd53227d19c3b28a3fb1,3/26/1985,Southern Accents,6QUppE7S4HgcfC3jZIcYlV,Southern Accents,32,https://embed.spotify.com/?uri=spotify:track:6QUppE7S4HgcfC3jZIcYlV,36,4tX2TplrkIP4v05BNC903e,284773,FALSE,0.626,0.436,0.106,0.000846,5,0.126,-19.351,1,0.0289,80.594,4,0.19
Tom Petty and the Heartbreakers,1976-1987,2uslG8GJwri1ewdlK2Uuv4,0,https://i.scdn.co/image/ee662ae0337fac836feafd53227d19c3b28a3fb1,3/26/1985,Southern Accents,2iBDvB4tH77SER1ppzZ2NL,Make It Better (Forget About Me),24,https://embed.spotify.com/?uri=spotify:track:2iBDvB4tH77SER1ppzZ2NL,36,4tX2TplrkIP4v05BNC903e,263800,FALSE,0.109,0.569,0.615,0.000229,2,0.354,-13.895,1,0.0425,126.761,4,0.785
Tom Petty and the Heartbreakers,1976-1987,2uslG8GJwri1ewdlK2Uuv4,0,https://i.scdn.co/image/ee662ae0337fac836feafd53227d19c3b28a3fb1,3/26/1985,Southern Accents,0OynySxoDTVepVdwm0iigw,Spike,24,https://embed.spotify.com/?uri=spotify:track:0OynySxoDTVepVdwm0iigw,36,4tX2TplrkIP4v05BNC903e,212200,FALSE,0.312,0.727,0.38,4.09E-05,2,0.259,-19.584,1,0.113,76.866,4,0.745
Tom Petty and the Heartbreakers,1976-1987,2uslG8GJwri1ewdlK2Uuv4,0,https://i.scdn.co/image/ee662ae0337fac836feafd53227d19c3b28a3fb1,3/26/1985,Southern Accents,4YbxoqB6YZlwOTRLC4ml7q,Dogs On The Run,25,https://embed.spotify.com/?uri=spotify:track:4YbxoqB6YZlwOTRLC4ml7q,36,4tX2TplrkIP4v05BNC903e,220893,FALSE,0.104,0.485,0.517,0,9,0.158,-15.87,1,0.0367,127.431,4,0.667
Tom Petty and the Heartbreakers,1976-1987,2uslG8GJwri1ewdlK2Uuv4,0,https://i.scdn.co/image/ee662ae0337fac836feafd53227d19c3b28a3fb1,3/26/1985,Southern Accents,16NDZTUHPIyg0MvqDKwAWu,Mary's New Car,21,https://embed.spotify.com/?uri=spotify:track:16NDZTUHPIyg0MvqDKwAWu,36,4tX2TplrkIP4v05BNC903e,227373,FALSE,0.211,0.758,0.41,5.79E-05,7,0.0862,-17.329,1,0.0341,118.391,4,0.881
Tom Petty and the Heartbreakers,1976-1987,2uslG8GJwri1ewdlK2Uuv4,0,https://i.scdn.co/image/ee662ae0337fac836feafd53227d19c3b28a3fb1,3/26/1985,Southern Accents,684sVqM8FA9ZUYGm4ik7QP,The Best Of Everything,31,https://embed.spotify.com/?uri=spotify:track:684sVqM8FA9ZUYGm4ik7QP,36,4tX2TplrkIP4v05BNC903e,243933,FALSE,0.387,0.473,0.257,1.24E-06,7,0.0806,-16.569,1,0.0269,82.91,4,0.333
Tom Petty and the Heartbreakers,1976-1987,2ztfSQWXGq5RKDItE9E3oQ,0,https://i.scdn.co/image/b4501ab151d068894e32558dba78f5b167acc1dd,11/2/1982,Long After Dark,1BbMhfUaNtdpwoHaCuPVhC,A One Story Town,23,https://embed.spotify.com/?uri=spotify:track:1BbMhfUaNtdpwoHaCuPVhC,33,4tX2TplrkIP4v05BNC903e,186000,FALSE,0.00077,0.486,0.903,0.00075,4,0.32,-4.798,1,0.0302,145.046,4,0.817
Tom Petty and the Heartbreakers,1976-1987,2ztfSQWXGq5RKDItE9E3oQ,0,https://i.scdn.co/image/b4501ab151d068894e32558dba78f5b167acc1dd,11/2/1982,Long After Dark,5eMZ3EPIMGoWlrrVhxatdv,You Got Lucky,36,https://embed.spotify.com/?uri=spotify:track:5eMZ3EPIMGoWlrrVhxatdv,33,4tX2TplrkIP4v05BNC903e,217960,FALSE,0.0481,0.69,0.649,1.38E-05,9,0.0553,-6.721,0,0.0272,114.771,4,0.626
Tom Petty and the Heartbreakers,1976-1987,2ztfSQWXGq5RKDItE9E3oQ,0,https://i.scdn.co/image/b4501ab151d068894e32558dba78f5b167acc1dd,11/2/1982,Long After Dark,2MAnZuuPH6bayqJO7EdQFs,Deliver Me,23,https://embed.spotify.com/?uri=spotify:track:2MAnZuuPH6bayqJO7EdQFs,33,4tX2TplrkIP4v05BNC903e,208066,FALSE,0.00531,0.571,0.886,0.000486,10,0.267,-5.576,1,0.0419,122.766,4,0.774
Tom Petty and the Heartbreakers,1976-1987,2ztfSQWXGq5RKDItE9E3oQ,0,https://i.scdn.co/image/b4501ab151d068894e32558dba78f5b167acc1dd,11/2/1982,Long After Dark,0jVm8tMbpsDN7goNU6NyzL,Change Of Heart,29,https://embed.spotify.com/?uri=spotify:track:0jVm8tMbpsDN7goNU6NyzL,33,4tX2TplrkIP4v05BNC903e,198762,FALSE,0.00263,0.537,0.87,4.89E-05,0,0.824,-4.686,1,0.0316,122.545,4,0.958
Tom Petty and the Heartbreakers,1976-1987,2ztfSQWXGq5RKDItE9E3oQ,0,https://i.scdn.co/image/b4501ab151d068894e32558dba78f5b167acc1dd,11/2/1982,Long After Dark,4BjjeclMoQE7sIumDYRiq0,Finding Out,21,https://embed.spotify.com/?uri=spotify:track:4BjjeclMoQE7sIumDYRiq0,33,4tX2TplrkIP4v05BNC903e,216373,FALSE,0.000224,0.359,0.941,0,8,0.134,-4.527,1,0.0786,159.097,4,0.652
Tom Petty and the Heartbreakers,1976-1987,2ztfSQWXGq5RKDItE9E3oQ,0,https://i.scdn.co/image/b4501ab151d068894e32558dba78f5b167acc1dd,11/2/1982,Long After Dark,2zRf7G1LNe1D6jXQw1zZfr,We Stand A Chance,22,https://embed.spotify.com/?uri=spotify:track:2zRf7G1LNe1D6jXQw1zZfr,33,4tX2TplrkIP4v05BNC903e,218760,FALSE,0.069,0.619,0.819,0.00167,11,0.0539,-5.085,0,0.0294,114.822,4,0.905
Tom Petty and the Heartbreakers,1976-1987,2ztfSQWXGq5RKDItE9E3oQ,0,https://i.scdn.co/image/b4501ab151d068894e32558dba78f5b167acc1dd,11/2/1982,Long After Dark,7qqxZi3lnnNNdoeUOwzN6g,Straight Into Darkness,33,https://embed.spotify.com/?uri=spotify:track:7qqxZi3lnnNNdoeUOwzN6g,33,4tX2TplrkIP4v05BNC903e,229000,FALSE,0.0114,0.522,0.906,5.98E-06,5,0.326,-5.467,0,0.0599,123.256,4,0.511
Tom Petty and the Heartbreakers,1976-1987,2ztfSQWXGq5RKDItE9E3oQ,0,https://i.scdn.co/image/b4501ab151d068894e32558dba78f5b167acc1dd,11/2/1982,Long After Dark,7pfBopyS5sw5ScDAwgOfz4,The Same Old You,21,https://embed.spotify.com/?uri=spotify:track:7pfBopyS5sw5ScDAwgOfz4,33,4tX2TplrkIP4v05BNC903e,211394,FALSE,0.0177,0.649,0.914,0,0,0.218,-4.234,1,0.0298,112.109,4,0.95
Tom Petty and the Heartbreakers,1976-1987,2ztfSQWXGq5RKDItE9E3oQ,0,https://i.scdn.co/image/b4501ab151d068894e32558dba78f5b167acc1dd,11/2/1982,Long After Dark,7aSOQIbnPKwq3PE4oYKyjZ,Between Two Worlds,20,https://embed.spotify.com/?uri=spotify:track:7aSOQIbnPKwq3PE4oYKyjZ,33,4tX2TplrkIP4v05BNC903e,312893,FALSE,0.137,0.531,0.895,0.000332,7,0.255,-5.136,1,0.0267,97.902,4,0.696
Tom Petty and the Heartbreakers,1976-1987,2ztfSQWXGq5RKDItE9E3oQ,0,https://i.scdn.co/image/b4501ab151d068894e32558dba78f5b167acc1dd,11/2/1982,Long After Dark,2YjRaOhLqrmWCHmRgtGyc1,A Wasted Life,20,https://embed.spotify.com/?uri=spotify:track:2YjRaOhLqrmWCHmRgtGyc1,33,4tX2TplrkIP4v05BNC903e,276000,FALSE,0.445,0.51,0.502,8.13E-06,11,0.161,-8.775,1,0.028,99.032,4,0.318
Tom Petty and the Heartbreakers,1976-1987,5OO8oMupaMhIZhMrEM8ja3,0,https://i.scdn.co/image/06d2a31f5c2f5ec715813c940cb9ca961580945f,5/5/1981,Hard Promises (Remastered),4ZA0EXmjnZIYguEMf0Mc88,The Waiting,38,https://embed.spotify.com/?uri=spotify:track:4ZA0EXmjnZIYguEMf0Mc88,36,4tX2TplrkIP4v05BNC903e,238160,FALSE,0.0578,0.562,0.907,0,2,0.306,-4.465,1,0.0338,119.947,4,0.739
Tom Petty and the Heartbreakers,1976-1987,5OO8oMupaMhIZhMrEM8ja3,0,https://i.scdn.co/image/06d2a31f5c2f5ec715813c940cb9ca961580945f,5/5/1981,Hard Promises (Remastered),2OECBjmrt1tupVdg8jcfE1,A Woman In Love (It's Not Me),38,https://embed.spotify.com/?uri=spotify:track:2OECBjmrt1tupVdg8jcfE1,36,4tX2TplrkIP4v05BNC903e,261773,FALSE,0.0226,0.567,0.599,3.10E-05,9,0.35,-6.903,1,0.0402,126.524,4,0.559
Tom Petty and the Heartbreakers,1976-1987,5OO8oMupaMhIZhMrEM8ja3,0,https://i.scdn.co/image/06d2a31f5c2f5ec715813c940cb9ca961580945f,5/5/1981,Hard Promises (Remastered),7xXplDt8DI9L2kmZvVSzZ7,Nightwatchman,27,https://embed.spotify.com/?uri=spotify:track:7xXplDt8DI9L2kmZvVSzZ7,36,4tX2TplrkIP4v05BNC903e,239533,FALSE,0.00841,0.573,0.815,2.20E-05,9,0.195,-6.263,1,0.0292,90.612,4,0.883
Tom Petty and the Heartbreakers,1976-1987,5OO8oMupaMhIZhMrEM8ja3,0,https://i.scdn.co/image/06d2a31f5c2f5ec715813c940cb9ca961580945f,5/5/1981,Hard Promises (Remastered),4baFF50eIx6z3xz7HCL7DF,Something Big,28,https://embed.spotify.com/?uri=spotify:track:4baFF50eIx6z3xz7HCL7DF,36,4tX2TplrkIP4v05BNC903e,284093,FALSE,0.0345,0.542,0.65,5.28E-05,7,0.0991,-7.793,1,0.0294,121.58,4,0.354
Tom Petty and the Heartbreakers,1976-1987,5OO8oMupaMhIZhMrEM8ja3,0,https://i.scdn.co/image/06d2a31f5c2f5ec715813c940cb9ca961580945f,5/5/1981,Hard Promises (Remastered),0nYcdrqObqVmwBOgn1zgOf,Kings Road,25,https://embed.spotify.com/?uri=spotify:track:0nYcdrqObqVmwBOgn1zgOf,36,4tX2TplrkIP4v05BNC903e,206333,FALSE,0.00129,0.373,0.936,0,7,0.446,-5.453,1,0.0441,144.853,4,0.692
Tom Petty and the Heartbreakers,1976-1987,5OO8oMupaMhIZhMrEM8ja3,0,https://i.scdn.co/image/06d2a31f5c2f5ec715813c940cb9ca961580945f,5/5/1981,Hard Promises (Remastered),1ruNQCGE5wAh4ouGcLjEcI,Letting You Go,25,https://embed.spotify.com/?uri=spotify:track:1ruNQCGE5wAh4ouGcLjEcI,36,4tX2TplrkIP4v05BNC903e,204773,FALSE,0.243,0.641,0.791,0,5,0.0659,-6.938,1,0.0338,106.612,4,0.708
Tom Petty and the Heartbreakers,1976-1987,5OO8oMupaMhIZhMrEM8ja3,0,https://i.scdn.co/image/06d2a31f5c2f5ec715813c940cb9ca961580945f,5/5/1981,Hard Promises (Remastered),6NZDl3pZNyTZmzjk22FpQl,A Thing About You,26,https://embed.spotify.com/?uri=spotify:track:6NZDl3pZNyTZmzjk22FpQl,36,4tX2TplrkIP4v05BNC903e,212462,FALSE,0.0194,0.386,0.881,3.75E-05,9,0.201,-5.653,1,0.0446,153.06,4,0.545
Tom Petty and the Heartbreakers,1976-1987,5OO8oMupaMhIZhMrEM8ja3,0,https://i.scdn.co/image/06d2a31f5c2f5ec715813c940cb9ca961580945f,5/5/1981,Hard Promises (Remastered),6I9mM7Q3YXKYSppopUuCQN,Insider,31,https://embed.spotify.com/?uri=spotify:track:6I9mM7Q3YXKYSppopUuCQN,36,4tX2TplrkIP4v05BNC903e,263000,FALSE,0.213,0.496,0.506,0,9,0.0913,-7.727,1,0.0252,95.42,4,0.291
Tom Petty and the Heartbreakers,1976-1987,5OO8oMupaMhIZhMrEM8ja3,0,https://i.scdn.co/image/06d2a31f5c2f5ec715813c940cb9ca961580945f,5/5/1981,Hard Promises (Remastered),2RpvIoRCpcKlzDnGLZ0nds,The Criminal Kind,22,https://embed.spotify.com/?uri=spotify:track:2RpvIoRCpcKlzDnGLZ0nds,36,4tX2TplrkIP4v05BNC903e,240266,FALSE,0.0403,0.391,0.785,6.81E-05,2,0.334,-6.305,1,0.0353,174.522,4,0.692
Tom Petty and the Heartbreakers,1976-1987,5OO8oMupaMhIZhMrEM8ja3,0,https://i.scdn.co/image/06d2a31f5c2f5ec715813c940cb9ca961580945f,5/5/1981,Hard Promises (Remastered),2D5vzp1vaUHntYvQm5hi8M,You Can Still Change Your Mind,22,https://embed.spotify.com/?uri=spotify:track:2D5vzp1vaUHntYvQm5hi8M,36,4tX2TplrkIP4v05BNC903e,255840,FALSE,0.221,0.513,0.369,1.08E-06,0,0.349,-8.231,1,0.0254,79.714,4,0.12
Tom Petty and the Heartbreakers,1976-1987,0qKA3aqubD47jfFVoPfsiy,0,https://i.scdn.co/image/c0b4ed48dcacfb8df07709d836cbc984bb7a982f,10/19/1979,Damn The Torpedoes (Remastered),0xNTHshHwDtCAn04Lq2i4H,Refugee,33,https://embed.spotify.com/?uri=spotify:track:0xNTHshHwDtCAn04Lq2i4H,32,4tX2TplrkIP4v05BNC903e,201693,FALSE,0.0284,0.58,0.721,0,6,0.0931,-4.802,0,0.0375,116.192,4,0.738
Tom Petty and the Heartbreakers,1976-1987,0qKA3aqubD47jfFVoPfsiy,0,https://i.scdn.co/image/c0b4ed48dcacfb8df07709d836cbc984bb7a982f,10/19/1979,Damn The Torpedoes (Remastered),6fKtJy9UIUh1gv50iznNAr,Here Comes My Girl,31,https://embed.spotify.com/?uri=spotify:track:6fKtJy9UIUh1gv50iznNAr,32,4tX2TplrkIP4v05BNC903e,264453,FALSE,0.0637,0.582,0.754,0.144,4,0.181,-6.024,1,0.0314,104.874,4,0.379
Tom Petty and the Heartbreakers,1976-1987,0qKA3aqubD47jfFVoPfsiy,0,https://i.scdn.co/image/c0b4ed48dcacfb8df07709d836cbc984bb7a982f,10/19/1979,Damn The Torpedoes (Remastered),2V0N6s27gU8RDbeNkv7yKE,Even The Losers,29,https://embed.spotify.com/?uri=spotify:track:2V0N6s27gU8RDbeNkv7yKE,32,4tX2TplrkIP4v05BNC903e,239333,FALSE,0.0353,0.455,0.838,0.0198,2,0.232,-5.317,1,0.0602,130.196,4,0.646
Tom Petty and the Heartbreakers,1976-1987,0qKA3aqubD47jfFVoPfsiy,0,https://i.scdn.co/image/c0b4ed48dcacfb8df07709d836cbc984bb7a982f,10/19/1979,Damn The Torpedoes (Remastered),1Rzw91HIK9PH2Gq9DBY8DO,Shadow Of A Doubt (A Complex Kid),24,https://embed.spotify.com/?uri=spotify:track:1Rzw91HIK9PH2Gq9DBY8DO,32,4tX2TplrkIP4v05BNC903e,264453,FALSE,0.222,0.461,0.905,5.16E-05,9,0.0784,-4.371,1,0.0343,141.526,4,0.534
Tom Petty and the Heartbreakers,1976-1987,0qKA3aqubD47jfFVoPfsiy,0,https://i.scdn.co/image/c0b4ed48dcacfb8df07709d836cbc984bb7a982f,10/19/1979,Damn The Torpedoes (Remastered),0l8wFoM41I1ifCzw2zds5g,Century City,23,https://embed.spotify.com/?uri=spotify:track:0l8wFoM41I1ifCzw2zds5g,32,4tX2TplrkIP4v05BNC903e,223253,FALSE,0.163,0.488,0.955,0.000846,2,0.33,-3.581,1,0.072,151.327,4,0.879
Tom Petty and the Heartbreakers,1976-1987,0qKA3aqubD47jfFVoPfsiy,0,https://i.scdn.co/image/c0b4ed48dcacfb8df07709d836cbc984bb7a982f,10/19/1979,Damn The Torpedoes (Remastered),0UJ22mBBMyGx6aDA83Ym0w,Don't Do Me Like That,32,https://embed.spotify.com/?uri=spotify:track:0UJ22mBBMyGx6aDA83Ym0w,32,4tX2TplrkIP4v05BNC903e,161786,FALSE,0.224,0.762,0.791,1.25E-05,0,0.0917,-4.269,1,0.0279,116.569,4,0.962
Tom Petty and the Heartbreakers,1976-1987,0qKA3aqubD47jfFVoPfsiy,0,https://i.scdn.co/image/c0b4ed48dcacfb8df07709d836cbc984bb7a982f,10/19/1979,Damn The Torpedoes (Remastered),7BMlJ9q7aU3m8wFIUzhARZ,You Tell Me,23,https://embed.spotify.com/?uri=spotify:track:7BMlJ9q7aU3m8wFIUzhARZ,32,4tX2TplrkIP4v05BNC903e,273573,FALSE,0.0485,0.644,0.792,0.0059,9,0.0734,-5.83,1,0.0243,108.952,4,0.881
Tom Petty and the Heartbreakers,1976-1987,0qKA3aqubD47jfFVoPfsiy,0,https://i.scdn.co/image/c0b4ed48dcacfb8df07709d836cbc984bb7a982f,10/19/1979,Damn The Torpedoes (Remastered),5CcsyiHU8WbPLOjpDC3XTq,What Are You Doin' In My Life?,21,https://embed.spotify.com/?uri=spotify:track:5CcsyiHU8WbPLOjpDC3XTq,32,4tX2TplrkIP4v05BNC903e,205480,FALSE,0.385,0.493,0.933,0.0162,4,0.479,-3.882,1,0.0393,157.007,4,0.762
Tom Petty and the Heartbreakers,1976-1987,0qKA3aqubD47jfFVoPfsiy,0,https://i.scdn.co/image/c0b4ed48dcacfb8df07709d836cbc984bb7a982f,10/19/1979,Damn The Torpedoes (Remastered),6dPNPgSDRa3VaSI2Pkcd8J,Louisiana Rain,22,https://embed.spotify.com/?uri=spotify:track:6dPNPgSDRa3VaSI2Pkcd8J,32,4tX2TplrkIP4v05BNC903e,352413,FALSE,0.205,0.442,0.551,4.98E-06,7,0.318,-6.507,1,0.038,111.579,4,0.372
Tom Petty and the Heartbreakers,1976-1987,5hULIIwBVNm3cinAAFmv1P,0,https://i.scdn.co/image/135481dbf10bc79768e2686119d13bfa96dfbdd8,5/2/1978,You're Gonna Get it,4g9nG6ZxG2l43uFrEoyuKn,When The Time Comes,22,https://embed.spotify.com/?uri=spotify:track:4g9nG6ZxG2l43uFrEoyuKn,39,4tX2TplrkIP4v05BNC903e,167533,FALSE,0.0448,0.475,0.861,0.00637,4,0.479,-6.417,1,0.0331,149.796,4,0.609
Tom Petty and the Heartbreakers,1976-1987,5hULIIwBVNm3cinAAFmv1P,0,https://i.scdn.co/image/135481dbf10bc79768e2686119d13bfa96dfbdd8,5/2/1978,You're Gonna Get it,1dFGDaEdYVxfKBN1YFKLi8,You're Gonna Get It,22,https://embed.spotify.com/?uri=spotify:track:1dFGDaEdYVxfKBN1YFKLi8,39,4tX2TplrkIP4v05BNC903e,180960,FALSE,0.146,0.705,0.652,0.00191,9,0.314,-5.869,0,0.0246,106.431,4,0.527
Tom Petty and the Heartbreakers,1976-1987,5hULIIwBVNm3cinAAFmv1P,0,https://i.scdn.co/image/135481dbf10bc79768e2686119d13bfa96dfbdd8,5/2/1978,You're Gonna Get it,6ExJ3nYjtEf6QQRwCny4I0,Hurt,21,https://embed.spotify.com/?uri=spotify:track:6ExJ3nYjtEf6QQRwCny4I0,39,4tX2TplrkIP4v05BNC903e,196240,FALSE,0.135,0.38,0.723,1.01E-05,9,0.107,-7.966,1,0.0542,168.532,4,0.469
Tom Petty and the Heartbreakers,1976-1987,5hULIIwBVNm3cinAAFmv1P,0,https://i.scdn.co/image/135481dbf10bc79768e2686119d13bfa96dfbdd8,5/2/1978,You're Gonna Get it,593xhVoYglsZ7QIvGGdq60,Magnolia,23,https://embed.spotify.com/?uri=spotify:track:593xhVoYglsZ7QIvGGdq60,39,4tX2TplrkIP4v05BNC903e,183400,FALSE,0.113,0.63,0.764,0,6,0.0487,-5.583,0,0.0299,125.152,4,0.55
Tom Petty and the Heartbreakers,1976-1987,5hULIIwBVNm3cinAAFmv1P,0,https://i.scdn.co/image/135481dbf10bc79768e2686119d13bfa96dfbdd8,5/2/1978,You're Gonna Get it,1Bg3YHRCtFvSzjQWd6NbvG,Too Much Ain't Enough,28,https://embed.spotify.com/?uri=spotify:track:1Bg3YHRCtFvSzjQWd6NbvG,39,4tX2TplrkIP4v05BNC903e,176226,FALSE,0.0328,0.496,0.956,0.00489,4,0.256,-6.066,1,0.0471,110.787,4,0.616
Tom Petty and the Heartbreakers,1976-1987,5hULIIwBVNm3cinAAFmv1P,0,https://i.scdn.co/image/135481dbf10bc79768e2686119d13bfa96dfbdd8,5/2/1978,You're Gonna Get it,26TpLkciA8vz3kAvSI5tHG,I Need To Know,30,https://embed.spotify.com/?uri=spotify:track:26TpLkciA8vz3kAvSI5tHG,39,4tX2TplrkIP4v05BNC903e,144173,FALSE,0.011,0.518,0.919,0.181,4,0.196,-4.721,0,0.0285,154.097,4,0.747
Tom Petty and the Heartbreakers,1976-1987,5hULIIwBVNm3cinAAFmv1P,1,https://i.scdn.co/image/135481dbf10bc79768e2686119d13bfa96dfbdd8,5/2/1978,You're Gonna Get it,2iW5uc25ziGLlNMqdhFJad,Listen To Her Heart,48,https://embed.spotify.com/?uri=spotify:track:2iW5uc25ziGLlNMqdhFJad,39,4tX2TplrkIP4v05BNC903e,184960,FALSE,0.334,0.481,0.906,0.603,9,0.043,-3.705,1,0.0349,127.955,4,0.368
Tom Petty and the Heartbreakers,1976-1987,5hULIIwBVNm3cinAAFmv1P,0,https://i.scdn.co/image/135481dbf10bc79768e2686119d13bfa96dfbdd8,5/2/1978,You're Gonna Get it,3yllCYopp9kV0Onhrc3MNH,No Second Thoughts,21,https://embed.spotify.com/?uri=spotify:track:3yllCYopp9kV0Onhrc3MNH,39,4tX2TplrkIP4v05BNC903e,161173,FALSE,0.476,0.399,0.526,0,0,0.291,-6.822,1,0.0295,169.858,4,0.366
Tom Petty and the Heartbreakers,1976-1987,5hULIIwBVNm3cinAAFmv1P,0,https://i.scdn.co/image/135481dbf10bc79768e2686119d13bfa96dfbdd8,5/2/1978,You're Gonna Get it,3nXSn2LnrJaGDtgVupejSC,Restless,21,https://embed.spotify.com/?uri=spotify:track:3nXSn2LnrJaGDtgVupejSC,39,4tX2TplrkIP4v05BNC903e,204800,FALSE,0.156,0.746,0.645,0.00422,6,0.223,-6.153,0,0.0447,102.601,4,0.776
Tom Petty and the Heartbreakers,1976-1987,5hULIIwBVNm3cinAAFmv1P,0,https://i.scdn.co/image/135481dbf10bc79768e2686119d13bfa96dfbdd8,5/2/1978,You're Gonna Get it,5nIz5TufL1j4m18NEKNjEy,Baby's A Rock 'N' Roller,20,https://embed.spotify.com/?uri=spotify:track:5nIz5TufL1j4m18NEKNjEy,39,4tX2TplrkIP4v05BNC903e,173333,FALSE,0.421,0.589,0.969,0.0385,9,0.243,-5.951,0,0.0576,124.358,4,0.753
Tom Petty and the Heartbreakers,1976-1987,6TLTd0P2CUI0Q29AQ1LyFi,0,https://i.scdn.co/image/b2cb6b9eb7916617b24443319704a72d94c6c61d,11/9/1976,Tom Petty & The Heartbreakers,0inmDzoPyVU5PYVgHJ8y7b,Rockin' Around (With You),35,https://embed.spotify.com/?uri=spotify:track:0inmDzoPyVU5PYVgHJ8y7b,55,4tX2TplrkIP4v05BNC903e,149800,FALSE,0.0134,0.716,0.739,0.00552,2,0.071,-6.289,1,0.0333,121.179,4,0.97
Tom Petty and the Heartbreakers,1976-1987,6TLTd0P2CUI0Q29AQ1LyFi,1,https://i.scdn.co/image/b2cb6b9eb7916617b24443319704a72d94c6c61d,11/9/1976,Tom Petty & The Heartbreakers,5x53pbGk6sbl1BGom19QQ5,Breakdown,56,https://embed.spotify.com/?uri=spotify:track:5x53pbGk6sbl1BGom19QQ5,55,4tX2TplrkIP4v05BNC903e,163893,FALSE,0.398,0.625,0.35,6.76E-05,9,0.123,-8.395,0,0.0436,113.688,4,0.689
Tom Petty and the Heartbreakers,1976-1987,6TLTd0P2CUI0Q29AQ1LyFi,0,https://i.scdn.co/image/b2cb6b9eb7916617b24443319704a72d94c6c61d,11/9/1976,Tom Petty & The Heartbreakers,3xT14XwxTsN5rnf9pzy7Gr,Hometown Blues,36,https://embed.spotify.com/?uri=spotify:track:3xT14XwxTsN5rnf9pzy7Gr,55,4tX2TplrkIP4v05BNC903e,134706,FALSE,0.623,0.84,0.621,0,9,0.122,-5.355,1,0.0359,132.717,4,0.85
Tom Petty and the Heartbreakers,1976-1987,6TLTd0P2CUI0Q29AQ1LyFi,0,https://i.scdn.co/image/b2cb6b9eb7916617b24443319704a72d94c6c61d,11/9/1976,Tom Petty & The Heartbreakers,5ZdZppoiqEJsgjYXnJeAKA,"The Wild One, Forever",37,https://embed.spotify.com/?uri=spotify:track:5ZdZppoiqEJsgjYXnJeAKA,55,4tX2TplrkIP4v05BNC903e,183400,FALSE,0.717,0.578,0.643,2.04E-06,7,0.125,-7.302,1,0.024,98.515,4,0.34
Tom Petty and the Heartbreakers,1976-1987,6TLTd0P2CUI0Q29AQ1LyFi,1,https://i.scdn.co/image/b2cb6b9eb7916617b24443319704a72d94c6c61d,11/9/1976,Tom Petty & The Heartbreakers,2AX3BnBmNwR2lHZhkKvmXJ,Anything That's Rock 'N' Roll,40,https://embed.spotify.com/?uri=spotify:track:2AX3BnBmNwR2lHZhkKvmXJ,55,4tX2TplrkIP4v05BNC903e,144026,FALSE,0.211,0.679,0.709,8.83E-06,11,0.339,-5.427,1,0.0322,126.974,4,0.947
Tom Petty and the Heartbreakers,1976-1987,6TLTd0P2CUI0Q29AQ1LyFi,0,https://i.scdn.co/image/b2cb6b9eb7916617b24443319704a72d94c6c61d,11/9/1976,Tom Petty & The Heartbreakers,0SIxmKO4xkyCQ4JNWCuOdS,Strangered In The Night,32,https://embed.spotify.com/?uri=spotify:track:0SIxmKO4xkyCQ4JNWCuOdS,55,4tX2TplrkIP4v05BNC903e,214106,FALSE,0.0263,0.706,0.878,0.0016,10,0.303,-5.613,1,0.0663,122.59,4,0.849
Tom Petty and the Heartbreakers,1976-1987,6TLTd0P2CUI0Q29AQ1LyFi,0,https://i.scdn.co/image/b2cb6b9eb7916617b24443319704a72d94c6c61d,11/9/1976,Tom Petty & The Heartbreakers,4aMymVwENTzVqR9QxZZxCU,Fooled Again (I Don't Like It),33,https://embed.spotify.com/?uri=spotify:track:4aMymVwENTzVqR9QxZZxCU,55,4tX2TplrkIP4v05BNC903e,230000,FALSE,0.0908,0.625,0.888,7.45E-06,2,0.0333,-5.512,1,0.0413,104.492,4,0.603
Tom Petty and the Heartbreakers,1976-1987,6TLTd0P2CUI0Q29AQ1LyFi,0,https://i.scdn.co/image/b2cb6b9eb7916617b24443319704a72d94c6c61d,11/9/1976,Tom Petty & The Heartbreakers,5ReNpU1vhwaC4P2EWQ2SWy,Mystery Man,29,https://embed.spotify.com/?uri=spotify:track:5ReNpU1vhwaC4P2EWQ2SWy,55,4tX2TplrkIP4v05BNC903e,183426,FALSE,0.114,0.638,0.617,0.000229,4,0.0812,-8.023,1,0.0431,83.339,4,0.633
Tom Petty and the Heartbreakers,1976-1987,6TLTd0P2CUI0Q29AQ1LyFi,0,https://i.scdn.co/image/b2cb6b9eb7916617b24443319704a72d94c6c61d,11/9/1976,Tom Petty & The Heartbreakers,2l1V1EVqBgdyZ4avBgNj8I,Luna,30,https://embed.spotify.com/?uri=spotify:track:2l1V1EVqBgdyZ4avBgNj8I,55,4tX2TplrkIP4v05BNC903e,238573,FALSE,0.437,0.582,0.428,0.0725,2,0.128,-10.616,0,0.0393,81.385,4,0.416
Tom Petty and the Heartbreakers,1976-1987,6TLTd0P2CUI0Q29AQ1LyFi,1,https://i.scdn.co/image/b2cb6b9eb7916617b24443319704a72d94c6c61d,11/9/1976,Tom Petty & The Heartbreakers,7MRyJPksH3G2cXHN8UKYzP,American Girl,63,https://embed.spotify.com/?uri=spotify:track:7MRyJPksH3G2cXHN8UKYzP,55,4tX2TplrkIP4v05BNC903e,214733,FALSE,0.448,0.55,0.824,0.000127,2,0.366,-5.988,1,0.0334,114.512,4,0.763
Traveling Wilburys,1988-1991,1DGMD70zay4ZtN9XLX0uY4,0,https://i.scdn.co/image/7db5e92706b6708f4bb723bf9242c896c645c5b5,10/29/1990,"The Traveling Wilburys, Vol. 3",74i07fyJWNPDR5q56Wi8vU,She's My Baby,27,https://embed.spotify.com/?uri=spotify:track:74i07fyJWNPDR5q56Wi8vU,32,2hO4YtXUFJiUYS2uYFvHNK,195000,FALSE,0.095,0.506,0.96,9.23E-06,7,0.212,-4.978,1,0.0617,141.217,4,0.627
Traveling Wilburys,1988-1991,1DGMD70zay4ZtN9XLX0uY4,0,https://i.scdn.co/image/7db5e92706b6708f4bb723bf9242c896c645c5b5,10/29/1990,"The Traveling Wilburys, Vol. 3",70mPF4cLf6RVpF2t0dPvpk,Inside Out,28,https://embed.spotify.com/?uri=spotify:track:70mPF4cLf6RVpF2t0dPvpk,32,2hO4YtXUFJiUYS2uYFvHNK,215573,FALSE,0.291,0.629,0.874,0,5,0.242,-5.291,0,0.0607,123.464,4,0.427
Traveling Wilburys,1988-1991,1DGMD70zay4ZtN9XLX0uY4,0,https://i.scdn.co/image/7db5e92706b6708f4bb723bf9242c896c645c5b5,10/29/1990,"The Traveling Wilburys, Vol. 3",1Z4heNalZg0ACcM6L8X25F,If You Belonged To Me,26,https://embed.spotify.com/?uri=spotify:track:1Z4heNalZg0ACcM6L8X25F,32,2hO4YtXUFJiUYS2uYFvHNK,193560,FALSE,0.52,0.475,0.884,0,2,0.205,-4.84,1,0.0613,157.536,4,0.672
Traveling Wilburys,1988-1991,1DGMD70zay4ZtN9XLX0uY4,0,https://i.scdn.co/image/7db5e92706b6708f4bb723bf9242c896c645c5b5,10/29/1990,"The Traveling Wilburys, Vol. 3",5fSsNU5ipDSCH5tvU40dDB,The Devil's Been Busy,26,https://embed.spotify.com/?uri=spotify:track:5fSsNU5ipDSCH5tvU40dDB,32,2hO4YtXUFJiUYS2uYFvHNK,198320,FALSE,0.239,0.556,0.867,0,7,0.0874,-4.904,1,0.0321,133.073,4,0.798
Traveling Wilburys,1988-1991,1DGMD70zay4ZtN9XLX0uY4,0,https://i.scdn.co/image/7db5e92706b6708f4bb723bf9242c896c645c5b5,10/29/1990,"The Traveling Wilburys, Vol. 3",1wxy63KUgYZJiZKZe4EaSX,7 Deadly Sins,25,https://embed.spotify.com/?uri=spotify:track:1wxy63KUgYZJiZKZe4EaSX,32,2hO4YtXUFJiUYS2uYFvHNK,197520,FALSE,0.485,0.672,0.81,6.57E-06,10,0.264,-5.309,0,0.0334,118.111,3,0.538
Traveling Wilburys,1988-1991,1DGMD70zay4ZtN9XLX0uY4,0,https://i.scdn.co/image/7db5e92706b6708f4bb723bf9242c896c645c5b5,10/29/1990,"The Traveling Wilburys, Vol. 3",0mSpQL0vAloSJS6CTWoGJw,Poor House,26,https://embed.spotify.com/?uri=spotify:track:0mSpQL0vAloSJS6CTWoGJw,32,2hO4YtXUFJiUYS2uYFvHNK,196613,FALSE,0.0989,0.362,0.885,0,7,0.328,-4.336,1,0.0492,196.784,4,0.795
Traveling Wilburys,1988-1991,1DGMD70zay4ZtN9XLX0uY4,0,https://i.scdn.co/image/7db5e92706b6708f4bb723bf9242c896c645c5b5,10/29/1990,"The Traveling Wilburys, Vol. 3",3P0aR83RMEyrbPyINYPHwg,Where Were You Last Night?,27,https://embed.spotify.com/?uri=spotify:track:3P0aR83RMEyrbPyINYPHwg,32,2hO4YtXUFJiUYS2uYFvHNK,183933,FALSE,0.479,0.683,0.756,1.80E-06,2,0.359,-5.909,1,0.0311,119.972,3,0.747
Traveling Wilburys,1988-1991,1DGMD70zay4ZtN9XLX0uY4,0,https://i.scdn.co/image/7db5e92706b6708f4bb723bf9242c896c645c5b5,10/29/1990,"The Traveling Wilburys, Vol. 3",3vpPUlo745E5L86BxQPAfm,Cool Dry Place,25,https://embed.spotify.com/?uri=spotify:track:3vpPUlo745E5L86BxQPAfm,32,2hO4YtXUFJiUYS2uYFvHNK,217240,FALSE,0.55,0.697,0.793,0,4,0.167,-5.737,1,0.0266,97.711,4,0.967
Traveling Wilburys,1988-1991,1DGMD70zay4ZtN9XLX0uY4,0,https://i.scdn.co/image/7db5e92706b6708f4bb723bf9242c896c645c5b5,10/29/1990,"The Traveling Wilburys, Vol. 3",44TfL8lSHvuLrdOodlrsQw,New Blue Moon,24,https://embed.spotify.com/?uri=spotify:track:44TfL8lSHvuLrdOodlrsQw,32,2hO4YtXUFJiUYS2uYFvHNK,200426,FALSE,0.329,0.466,0.924,0.00984,11,0.311,-4.124,1,0.0608,81.218,4,0.652
Traveling Wilburys,1988-1991,1DGMD70zay4ZtN9XLX0uY4,0,https://i.scdn.co/image/7db5e92706b6708f4bb723bf9242c896c645c5b5,10/29/1990,"The Traveling Wilburys, Vol. 3",5A5tJBJjYM4KBXelf8eKNe,You Took My Breath Away,24,https://embed.spotify.com/?uri=spotify:track:5A5tJBJjYM4KBXelf8eKNe,32,2hO4YtXUFJiUYS2uYFvHNK,198880,FALSE,0.379,0.612,0.675,1.05E-06,0,0.144,-5.91,1,0.027,93.655,4,0.665
Traveling Wilburys,1988-1991,1DGMD70zay4ZtN9XLX0uY4,0,https://i.scdn.co/image/7db5e92706b6708f4bb723bf9242c896c645c5b5,10/29/1990,"The Traveling Wilburys, Vol. 3",2nVvCntsbJf68t2gp7Fl09,Wilbury Twist,26,https://embed.spotify.com/?uri=spotify:track:2nVvCntsbJf68t2gp7Fl09,32,2hO4YtXUFJiUYS2uYFvHNK,178373,FALSE,0.371,0.368,0.938,2.14E-05,7,0.561,-3.505,1,0.0625,184.398,4,0.847
Traveling Wilburys,1988-1991,7K3OJcdtRxv7miXfQBzvbi,1,https://i.scdn.co/image/2a6d4b78a1249a7fab7408e86eed0a4bbb5ab6a6,10/18/1988,"The Traveling Wilburys, Vol. 1",1vQxicuNSODoBECPMFjHMG,Handle With Care,49,https://embed.spotify.com/?uri=spotify:track:1vQxicuNSODoBECPMFjHMG,46,2hO4YtXUFJiUYS2uYFvHNK,199586,FALSE,0.128,0.681,0.748,0,7,0.253,-5.96,1,0.0283,115.068,4,0.683
Traveling Wilburys,1988-1991,7K3OJcdtRxv7miXfQBzvbi,0,https://i.scdn.co/image/2a6d4b78a1249a7fab7408e86eed0a4bbb5ab6a6,10/18/1988,"The Traveling Wilburys, Vol. 1",54TUMbmJFfebiiVR7BJ8XQ,Dirty World,34,https://embed.spotify.com/?uri=spotify:track:54TUMbmJFfebiiVR7BJ8XQ,46,2hO4YtXUFJiUYS2uYFvHNK,209586,FALSE,0.247,0.577,0.929,0,9,0.0507,-5.006,1,0.16,168.471,4,0.548
Traveling Wilburys,1988-1991,7K3OJcdtRxv7miXfQBzvbi,0,https://i.scdn.co/image/2a6d4b78a1249a7fab7408e86eed0a4bbb5ab6a6,10/18/1988,"The Traveling Wilburys, Vol. 1",43AndBfy1f4wGRbHQ9aMpU,Rattled,34,https://embed.spotify.com/?uri=spotify:track:43AndBfy1f4wGRbHQ9aMpU,46,2hO4YtXUFJiUYS2uYFvHNK,179226,FALSE,0.0229,0.722,0.919,1.15E-05,4,0.147,-5.47,1,0.0366,104.842,4,0.803
Traveling Wilburys,1988-1991,7K3OJcdtRxv7miXfQBzvbi,0,https://i.scdn.co/image/2a6d4b78a1249a7fab7408e86eed0a4bbb5ab6a6,10/18/1988,"The Traveling Wilburys, Vol. 1",6hOCmsiGjQaS27iiLe2t0i,Last Night,39,https://embed.spotify.com/?uri=spotify:track:6hOCmsiGjQaS27iiLe2t0i,46,2hO4YtXUFJiUYS2uYFvHNK,231240,FALSE,0.18,0.822,0.892,0.000401,0,0.361,-6.185,1,0.0315,124.405,4,0.973
Traveling Wilburys,1988-1991,7K3OJcdtRxv7miXfQBzvbi,0,https://i.scdn.co/image/2a6d4b78a1249a7fab7408e86eed0a4bbb5ab6a6,10/18/1988,"The Traveling Wilburys, Vol. 1",4TKjQ87mCaNhuhxhgu4U3h,Not Alone Any More,36,https://embed.spotify.com/?uri=spotify:track:4TKjQ87mCaNhuhxhgu4U3h,46,2hO4YtXUFJiUYS2uYFvHNK,204560,FALSE,0.257,0.665,0.669,2.87E-06,2,0.0814,-6.055,1,0.0269,119.495,4,0.668
Traveling Wilburys,1988-1991,7K3OJcdtRxv7miXfQBzvbi,0,https://i.scdn.co/image/2a6d4b78a1249a7fab7408e86eed0a4bbb5ab6a6,10/18/1988,"The Traveling Wilburys, Vol. 1",6yUsNxDvZsPM70eP3bGvOK,Congratulations,33,https://embed.spotify.com/?uri=spotify:track:6yUsNxDvZsPM70eP3bGvOK,46,2hO4YtXUFJiUYS2uYFvHNK,209600,FALSE,0.548,0.613,0.59,2.08E-06,0,0.153,-6.793,1,0.0231,139.222,4,0.524
Traveling Wilburys,1988-1991,7K3OJcdtRxv7miXfQBzvbi,0,https://i.scdn.co/image/2a6d4b78a1249a7fab7408e86eed0a4bbb5ab6a6,10/18/1988,"The Traveling Wilburys, Vol. 1",3WukTEV57eYvJUfQUCKAMV,Heading For The Light,35,https://embed.spotify.com/?uri=spotify:track:3WukTEV57eYvJUfQUCKAMV,46,2hO4YtXUFJiUYS2uYFvHNK,216693,FALSE,0.121,0.559,0.94,1.39E-05,6,0.314,-3.983,1,0.0532,129.819,4,0.425
Traveling Wilburys,1988-1991,7K3OJcdtRxv7miXfQBzvbi,0,https://i.scdn.co/image/2a6d4b78a1249a7fab7408e86eed0a4bbb5ab6a6,10/18/1988,"The Traveling Wilburys, Vol. 1",1eFSWURRT65A348FCRh3qo,Margarita,32,https://embed.spotify.com/?uri=spotify:track:1eFSWURRT65A348FCRh3qo,46,2hO4YtXUFJiUYS2uYFvHNK,196506,FALSE,0.00489,0.582,0.638,0.0474,0,0.11,-7.625,1,0.0316,173.219,4,0.37
Traveling Wilburys,1988-1991,7K3OJcdtRxv7miXfQBzvbi,0,https://i.scdn.co/image/2a6d4b78a1249a7fab7408e86eed0a4bbb5ab6a6,10/18/1988,"The Traveling Wilburys, Vol. 1",2rm4CNyzlEGs3PcK91wzGe,Tweeter And The Monkey Man,38,https://embed.spotify.com/?uri=spotify:track:2rm4CNyzlEGs3PcK91wzGe,46,2hO4YtXUFJiUYS2uYFvHNK,327853,FALSE,0.108,0.801,0.848,0,9,0.0718,-5.39,0,0.0541,110.534,4,0.892
Traveling Wilburys,1988-1991,7K3OJcdtRxv7miXfQBzvbi,1,https://i.scdn.co/image/2a6d4b78a1249a7fab7408e86eed0a4bbb5ab6a6,10/18/1988,"The Traveling Wilburys, Vol. 1",4HA2jo7wkMdN1lmLO6ryzE,End Of The Line,47,https://embed.spotify.com/?uri=spotify:track:4HA2jo7wkMdN1lmLO6ryzE,46,2hO4YtXUFJiUYS2uYFvHNK,209520,FALSE,0.166,0.577,0.833,0,2,0.0544,-6.596,1,0.0521,167.203,4,0.923
Mudcrutch,2007-2016 (present),3yHMRabVB2BJucGIz15sSX,0,https://i.scdn.co/image/8255478ca34a2ea91c374b06f953e7992f56b50c,5/20/2016,2,3Yju1l0fQr8GmICqsXOIvv,Trailer,36,https://embed.spotify.com/?uri=spotify:track:3Yju1l0fQr8GmICqsXOIvv,33,2xLqrYZxa9GYSCVn0STgxV,197000,FALSE,0.0152,0.564,0.677,9.79E-06,7,0.124,-4.395,1,0.0274,127.852,4,0.327
Mudcrutch,2007-2016 (present),3yHMRabVB2BJucGIz15sSX,0,https://i.scdn.co/image/8255478ca34a2ea91c374b06f953e7992f56b50c,5/20/2016,2,6s1iHcUUGugZXeaFB9kM61,Dreams of Flying,30,https://embed.spotify.com/?uri=spotify:track:6s1iHcUUGugZXeaFB9kM61,33,2xLqrYZxa9GYSCVn0STgxV,238933,FALSE,0.00017,0.552,0.794,0.000376,9,0.177,-3.495,0,0.0264,127.685,4,0.386
Mudcrutch,2007-2016 (present),3yHMRabVB2BJucGIz15sSX,0,https://i.scdn.co/image/8255478ca34a2ea91c374b06f953e7992f56b50c,5/20/2016,2,2Qni7kjHCTL9b0SmthVuIa,Beautiful Blue,25,https://embed.spotify.com/?uri=spotify:track:2Qni7kjHCTL9b0SmthVuIa,33,2xLqrYZxa9GYSCVn0STgxV,396653,FALSE,0.153,0.506,0.613,0.0374,2,0.282,-6,0,0.0239,83.437,4,0.292
Mudcrutch,2007-2016 (present),3yHMRabVB2BJucGIz15sSX,0,https://i.scdn.co/image/8255478ca34a2ea91c374b06f953e7992f56b50c,5/20/2016,2,6A4oqSvRbB18eGYYzZTbWE,Beautiful World,24,https://embed.spotify.com/?uri=spotify:track:6A4oqSvRbB18eGYYzZTbWE,33,2xLqrYZxa9GYSCVn0STgxV,188053,FALSE,0.00759,0.524,0.742,6.01E-05,2,0.239,-3.985,1,0.029,148.4,4,0.43
Mudcrutch,2007-2016 (present),3yHMRabVB2BJucGIz15sSX,0,https://i.scdn.co/image/8255478ca34a2ea91c374b06f953e7992f56b50c,5/20/2016,2,0GymDeMvuzY0GxLYcjsunB,I Forgive It All,29,https://embed.spotify.com/?uri=spotify:track:0GymDeMvuzY0GxLYcjsunB,33,2xLqrYZxa9GYSCVn0STgxV,253680,FALSE,0.79,0.433,0.219,0.000606,2,0.115,-12.331,1,0.0313,171.648,4,0.159
Mudcrutch,2007-2016 (present),3yHMRabVB2BJucGIz15sSX,0,https://i.scdn.co/image/8255478ca34a2ea91c374b06f953e7992f56b50c,5/20/2016,2,1mhTdrIRcHCmOo5OvbI2iT,The Other Side of the Mountain,24,https://embed.spotify.com/?uri=spotify:track:1mhTdrIRcHCmOo5OvbI2iT,33,2xLqrYZxa9GYSCVn0STgxV,196560,FALSE,0.155,0.585,0.906,1.44E-05,4,0.346,-4.334,0,0.0282,114.778,4,0.81
Mudcrutch,2007-2016 (present),3yHMRabVB2BJucGIz15sSX,0,https://i.scdn.co/image/8255478ca34a2ea91c374b06f953e7992f56b50c,5/20/2016,2,5e84DUsUEBCZF6ydmfsege,Hope,22,https://embed.spotify.com/?uri=spotify:track:5e84DUsUEBCZF6ydmfsege,33,2xLqrYZxa9GYSCVn0STgxV,190680,FALSE,0.0407,0.552,0.84,2.62E-05,0,0.218,-2.638,1,0.0294,117.713,4,0.435
Mudcrutch,2007-2016 (present),3yHMRabVB2BJucGIz15sSX,0,https://i.scdn.co/image/8255478ca34a2ea91c374b06f953e7992f56b50c,5/20/2016,2,3skNuW8MpudkUsZbkvf4Pb,Welcome to Hell,23,https://embed.spotify.com/?uri=spotify:track:3skNuW8MpudkUsZbkvf4Pb,33,2xLqrYZxa9GYSCVn0STgxV,211053,FALSE,0.0712,0.51,0.915,0.000188,2,0.402,-4.222,1,0.0342,159.333,4,0.75
Mudcrutch,2007-2016 (present),3yHMRabVB2BJucGIz15sSX,0,https://i.scdn.co/image/8255478ca34a2ea91c374b06f953e7992f56b50c,5/20/2016,2,7pYt6BwHrkUFIdWrwU2oNh,Save Your Water,25,https://embed.spotify.com/?uri=spotify:track:7pYt6BwHrkUFIdWrwU2oNh,33,2xLqrYZxa9GYSCVn0STgxV,191573,FALSE,0.0927,0.452,0.8,1.18E-05,7,0.7,-5.43,1,0.0282,158.923,4,0.645
Mudcrutch,2007-2016 (present),3yHMRabVB2BJucGIz15sSX,0,https://i.scdn.co/image/8255478ca34a2ea91c374b06f953e7992f56b50c,5/20/2016,2,7bUM7a7d5U9gDaNMoJXCQf,Victim of Circumstance,22,https://embed.spotify.com/?uri=spotify:track:7bUM7a7d5U9gDaNMoJXCQf,33,2xLqrYZxa9GYSCVn0STgxV,157240,FALSE,0.00297,0.576,0.921,9.83E-05,0,0.464,-3.342,1,0.026,103.742,4,0.573
Mudcrutch,2007-2016 (present),3yHMRabVB2BJucGIz15sSX,0,https://i.scdn.co/image/8255478ca34a2ea91c374b06f953e7992f56b50c,5/20/2016,2,2geepGabaz12rtDvDpwXIM,Hungry No More,23,https://embed.spotify.com/?uri=spotify:track:2geepGabaz12rtDvDpwXIM,33,2xLqrYZxa9GYSCVn0STgxV,373893,FALSE,0.00185,0.481,0.592,4.74E-05,2,0.261,-5.385,1,0.0255,93.003,4,0.225
Mudcrutch,2007-2016 (present),77OwQCyymaNNjyoA1rHaTw,0,https://i.scdn.co/image/c56afc7522a9ac0a5ad10db670f5b03c2fa2eeb7,3/25/2008,Mudcrutch,4gxB4rp8t4qw08KJR8aDkD,Shady Grove,31,https://embed.spotify.com/?uri=spotify:track:4gxB4rp8t4qw08KJR8aDkD,34,2xLqrYZxa9GYSCVn0STgxV,238426,FALSE,0.0759,0.469,0.606,0.0358,5,0.503,-9.387,0,0.0273,112.216,4,0.715
Mudcrutch,2007-2016 (present),77OwQCyymaNNjyoA1rHaTw,0,https://i.scdn.co/image/c56afc7522a9ac0a5ad10db670f5b03c2fa2eeb7,3/25/2008,Mudcrutch,7eq6lgiPU8Rx1c1OmuoB7N,Scare Easy,34,https://embed.spotify.com/?uri=spotify:track:7eq6lgiPU8Rx1c1OmuoB7N,34,2xLqrYZxa9GYSCVn0STgxV,274893,FALSE,0.000117,0.5,0.612,0.000295,7,0.187,-6.627,1,0.0283,104.666,4,0.464
Mudcrutch,2007-2016 (present),77OwQCyymaNNjyoA1rHaTw,0,https://i.scdn.co/image/c56afc7522a9ac0a5ad10db670f5b03c2fa2eeb7,3/25/2008,Mudcrutch,5j0FiP2FTLm9Bc4bxucgXk,Orphan Of The Storm,25,https://embed.spotify.com/?uri=spotify:track:5j0FiP2FTLm9Bc4bxucgXk,34,2xLqrYZxa9GYSCVn0STgxV,246626,FALSE,0.0199,0.557,0.495,2.29E-06,7,0.199,-10.086,1,0.0271,124.043,4,0.427
Mudcrutch,2007-2016 (present),77OwQCyymaNNjyoA1rHaTw,0,https://i.scdn.co/image/c56afc7522a9ac0a5ad10db670f5b03c2fa2eeb7,3/25/2008,Mudcrutch,4q3iALbKeLqJCvFvhoO7Fa,Six Days On The Road,22,https://embed.spotify.com/?uri=spotify:track:4q3iALbKeLqJCvFvhoO7Fa,34,2xLqrYZxa9GYSCVn0STgxV,208026,FALSE,0.00836,0.5,0.829,0,9,0.205,-6.906,1,0.0283,153.447,4,0.668
Mudcrutch,2007-2016 (present),77OwQCyymaNNjyoA1rHaTw,0,https://i.scdn.co/image/c56afc7522a9ac0a5ad10db670f5b03c2fa2eeb7,3/25/2008,Mudcrutch,3m3u3pVVxJdGrNLxHIz7VK,Crystal River,25,https://embed.spotify.com/?uri=spotify:track:3m3u3pVVxJdGrNLxHIz7VK,34,2xLqrYZxa9GYSCVn0STgxV,568093,FALSE,0.00184,0.419,0.494,0.17,7,0.185,-8.657,1,0.0283,107.869,4,0.22
Mudcrutch,2007-2016 (present),77OwQCyymaNNjyoA1rHaTw,0,https://i.scdn.co/image/c56afc7522a9ac0a5ad10db670f5b03c2fa2eeb7,3/25/2008,Mudcrutch,0pMrZfvqwxWUd4Vz0L3vNg,Oh Maria,18,https://embed.spotify.com/?uri=spotify:track:0pMrZfvqwxWUd4Vz0L3vNg,34,2xLqrYZxa9GYSCVn0STgxV,222920,FALSE,0.676,0.455,0.293,4.14E-05,2,0.392,-10.895,1,0.0286,86.255,4,0.216
Mudcrutch,2007-2016 (present),77OwQCyymaNNjyoA1rHaTw,0,https://i.scdn.co/image/c56afc7522a9ac0a5ad10db670f5b03c2fa2eeb7,3/25/2008,Mudcrutch,58edgBxIttTsiyd2ibaXfG,This Is A Good Street,17,https://embed.spotify.com/?uri=spotify:track:58edgBxIttTsiyd2ibaXfG,34,2xLqrYZxa9GYSCVn0STgxV,114280,FALSE,0.156,0.747,0.559,0.00134,1,0.312,-9.953,0,0.0301,137.522,4,0.894
Mudcrutch,2007-2016 (present),77OwQCyymaNNjyoA1rHaTw,0,https://i.scdn.co/image/c56afc7522a9ac0a5ad10db670f5b03c2fa2eeb7,3/25/2008,Mudcrutch,5KpdLGejZ1Nlx0RYXhMw9i,The Wrong Thing To Do,21,https://embed.spotify.com/?uri=spotify:track:5KpdLGejZ1Nlx0RYXhMw9i,34,2xLqrYZxa9GYSCVn0STgxV,249346,FALSE,0.00844,0.573,0.637,0,7,0.173,-6.349,1,0.0288,119.275,4,0.408
Mudcrutch,2007-2016 (present),77OwQCyymaNNjyoA1rHaTw,0,https://i.scdn.co/image/c56afc7522a9ac0a5ad10db670f5b03c2fa2eeb7,3/25/2008,Mudcrutch,27dW0CHYDcuEHN2KyBpx5w,Queen Of The Go-Go Girls,19,https://embed.spotify.com/?uri=spotify:track:27dW0CHYDcuEHN2KyBpx5w,34,2xLqrYZxa9GYSCVn0STgxV,222000,FALSE,0.33,0.514,0.503,0,7,0.205,-10.219,1,0.0267,141.695,4,0.7
Mudcrutch,2007-2016 (present),77OwQCyymaNNjyoA1rHaTw,0,https://i.scdn.co/image/c56afc7522a9ac0a5ad10db670f5b03c2fa2eeb7,3/25/2008,Mudcrutch,22z2X9uh69hJ7okUiFVcb2,June Apple,17,https://embed.spotify.com/?uri=spotify:track:22z2X9uh69hJ7okUiFVcb2,34,2xLqrYZxa9GYSCVn0STgxV,145986,FALSE,0.0011,0.483,0.745,0.929,0,0.323,-10.175,1,0.0249,96.063,4,0.968
Mudcrutch,2007-2016 (present),77OwQCyymaNNjyoA1rHaTw,0,https://i.scdn.co/image/c56afc7522a9ac0a5ad10db670f5b03c2fa2eeb7,3/25/2008,Mudcrutch,6ETUZxIzSqXURKLV9RgHKN,Lover Of The Bayou,34,https://embed.spotify.com/?uri=spotify:track:6ETUZxIzSqXURKLV9RgHKN,34,2xLqrYZxa9GYSCVn0STgxV,272533,FALSE,0.000729,0.496,0.754,0.006,9,0.264,-7.21,0,0.026,102.817,4,0.351
Mudcrutch,2007-2016 (present),77OwQCyymaNNjyoA1rHaTw,0,https://i.scdn.co/image/c56afc7522a9ac0a5ad10db670f5b03c2fa2eeb7,3/25/2008,Mudcrutch,7khjStNdbKX4LcXGrc9zjo,Topanga Cowgirl,20,https://embed.spotify.com/?uri=spotify:track:7khjStNdbKX4LcXGrc9zjo,34,2xLqrYZxa9GYSCVn0STgxV,233853,FALSE,0.153,0.579,0.487,0.0232,2,0.0862,-8.376,1,0.0288,121.889,4,0.654
Mudcrutch,2007-2016 (present),77OwQCyymaNNjyoA1rHaTw,0,https://i.scdn.co/image/c56afc7522a9ac0a5ad10db670f5b03c2fa2eeb7,3/25/2008,Mudcrutch,71G1RlPfmGcDyg7yVfSpRH,Bootleg Flyer,20,https://embed.spotify.com/?uri=spotify:track:71G1RlPfmGcDyg7yVfSpRH,34,2xLqrYZxa9GYSCVn0STgxV,226573,FALSE,0.00126,0.475,0.841,0.0388,7,0.417,-6.287,1,0.0269,108.717,4,0.369
Mudcrutch,2007-2016 (present),77OwQCyymaNNjyoA1rHaTw,0,https://i.scdn.co/image/c56afc7522a9ac0a5ad10db670f5b03c2fa2eeb7,3/25/2008,Mudcrutch,7HTSZanCxt0lEv1RevCmvu,House Of Stone,18,https://embed.spotify.com/?uri=spotify:track:7HTSZanCxt0lEv1RevCmvu,34,2xLqrYZxa9GYSCVn0STgxV,180986,FALSE,0.192,0.698,0.422,4.35E-05,4,0.0907,-12.038,1,0.0325,121.127,4,0.447
Single,,3S404OgKoVQSJ3xXrDVlp8,1,,,,0Adyxuv3X9l2CtMt0OeY5M,Stop Draggin' My Heart Around (with Tom Petty & The Heartbreakers) - Remastered,51,https://embed.spotify.com/?uri=spotify:track:0Adyxuv3X9l2CtMt0OeY5M,,,244440,FALSE,0.379,0.631,0.597,0.00273,4,0.146,-7.382,0,0.026,107.26,4,0.663
Single,,7ait6chB3O3C1fMGUDJhtu,1,,,,5eYwDBLucWfWI5KsV7oYX2,Mary Jane's Last Dance,62,https://embed.spotify.com/?uri=spotify:track:5eYwDBLucWfWI5KsV7oYX2,,,272266,FALSE,0.0465,0.413,0.801,1.66E-06,10,0.345,-4.945,1,0.143,169.763,4,0.533
